surface,chambres,sdb,etage,location,prix
Not Specified,3 chambres,1 sdb,Étage 1,"Meknès, Autre secteur",390 000
60 m²,2 chambres,1 sdb,Rez de chaussée,"Meknès, Autre secteur",350 000
106 m²,3 chambres,2 sdbs,Étage 1,"Meknès, Marjane 2",805 000
58 m²,2 chambres,2 sdbs,Étage 2,"Autre secteur, Meknès",250 000
Not Specified,2 chambres,2 sdbs,Étage 4,"Hamria, Meknès",620 000
69 m²,2 chambres,2 sdbs,Étage 6,"El Bassatine, Meknès",450 000
70 m²,3 chambres,2 sdbs,Étage 1,"Autre secteur, Meknès",Not Specified
Not Specified,Not Specified,Not Specified,Not Specified,Not Specified,250 000
120 m²,2 chambres,2 sdbs,Étage 2,"Zitoune, Meknès",385 000
55 m²,2 chambres,1 sdb,Étage 3,"Autre secteur, Meknès",320 000
Not Specified,Not Specified,Not Specified,Not Specified,"Autre secteur, Meknès",360 000
Not Specified,2 chambres,1 sdb,Étage 2,"Wislane, Meknès",Not Specified
Not Specified,Not Specified,Not Specified,Not Specified,Not Specified,783 000
112 m²,3 chambres,2 sdbs,Étage 1,"Hamria, Meknès",650 000
60 m²,2 chambres,1 sdb,Étage 1,"Wislane, Meknès",150 000
Not Specified,2 chambres,1 sdb,Étage 2,"Hamria, Meknès",20 000 000
76 m²,2 chambres,1 sdb,Étage 4,"Hamria, Meknès",620 000
Not Specified,Not Specified,Not Specified,Not Specified,Not Specified,Not Specified
106 m²,3 chambres,2 sdbs,Étage 1,"Marjane 2, Meknès",805 000
52 m²,2 chambres,1 sdb,Étage 1,"Autre secteur, Meknès",190 000
110 m²,3 chambres,1 sdb,Rez de chaussée,"El Bassatine, Meknès",Not Specified
110 m²,3 chambres,1 sdb,Rez de chaussée,"El Bassatine, Meknès",54
Not Specified,Not Specified,Not Specified,Not Specified,Not Specified,Not Specified
104 m²,2 chambres,1 sdb,Étage 5,"Hamria, Meknès",390 000
60 m²,2 chambres,1 sdb,Rez de chaussée,"Autre secteur, Meknès",350 000
Not Specified,3 chambres,1 sdb,Étage 1,"Autre secteur, Meknès",390 000
90 m²,3 chambres,2 sdbs,Étage 2,"Autre secteur, Meknès",360 000
Not Specified,Not Specified,Not Specified,Not Specified,Not Specified,381 984
60 m²,2 chambres,1 sdb,Étage 1,"Marjane 2, Meknès",330 000
Not Specified,1 chambre,1 sdb,Étage 3,"Autre secteur, Meknès",270 000
Not Specified,2 chambres,Not Specified,Étage 3,"Ancienne Médina, Meknès",500 000
116 m²,3 chambres,2 sdbs,Étage 1,"Hamria, Meknès",870 000
Not Specified,Not Specified,Not Specified,Not Specified,Not Specified,205 930
60 m²,3 chambres,1 sdb,Étage 3,"Marjane 2, Meknès",60 000
140 m²,3 chambres,3 sdbs,Étage 1,"Marjane 2, Meknès",56
50 m²,2 chambres,1 sdb,Rez de chaussée,"Autre secteur, Meknès",190 000
80 m²,3 chambres,1 sdb,Étage 2,"Autre secteur, Meknès",440 000
100 m²,3 chambres,1 sdb,Étage 1,"Wislane, Meknès",360 000
72 m²,2 chambres,1 sdb,Étage 4,"Autre secteur, Meknès",280 000
124 m²,3 chambres,2 sdbs,Étage 3,"Autre secteur, Meknès",820 000
156 m²,3 chambres,2 sdbs,Étage 2,"Autre secteur, Meknès",1 280 000
140 m²,3 chambres,2 sdbs,Étage 3,"Autre secteur, Meknès",Not Specified
84 m²,3 chambres,2 sdbs,Étage 1,"Autre secteur, Meknès",430 000
65 m²,2 chambres,1 sdb,Étage 4,"Wislane, Meknès",22
106 m²,3 chambres,2 sdbs,Étage 1,"Meknès, Marjane 2",805 000
Not Specified,3 chambres,1 sdb,Étage 1,"Meknès, Autre secteur",390 000
60 m²,2 chambres,1 sdb,Rez de chaussée,"Meknès, Autre secteur",350 000
247 m²,3 chambres,3 sdbs,Étage 1,"Ville Nouvelle, Meknès",1 800 000
125 m²,3 chambres,2 sdbs,Étage 3,"Hamria, Meknès",Not Specified
200 m²,3 chambres,2 sdbs,Étage 2,"Hamria, Meknès",Not Specified
0 m²,3 chambres,2 sdbs,Étage 2,"Hamria, Meknès",Not Specified
123 m²,3 chambres,2 sdbs,Étage 5,"Hamria, Meknès",Not Specified
142 m²,3 chambres,2 sdbs,Étage 2,"Hamria, Meknès",Not Specified
73 m²,3 chambres,2 sdbs,Étage 3,"Autre secteur, Meknès",330 000
65 m²,2 chambres,Not Specified,Étage 3,"Marjane 2, Meknès",Not Specified
84 m²,3 chambres,2 sdbs,Étage 3,"Marjane 2, Meknès",43 000
62 m²,1 chambre,1 sdb,Étage 1,"Wislane, Meknès",47
150 m²,3 chambres,2 sdbs,Étage 3,"Marjane 2, Meknès",730 000
114 m²,3 chambres,2 sdbs,Rez de chaussée,"Zitoune, Meknès",450 000
110 m²,3 chambres,2 sdbs,Étage 2,"Autre secteur, Meknès",540 000
110 m²,3 chambres,2 sdbs,Étage 2,"Autre secteur, Meknès",670 000
Not Specified,2 chambres,1 sdb,Étage 3,"Hamria, Meknès",250 000
55 m²,1 chambre,1 sdb,Étage 2,"Zitoune, Meknès",160 000
92 m²,3 chambres,2 sdbs,Étage 7,"El Bassatine, Meknès",460 000
143 m²,3 chambres,3 sdbs,Étage 5,"Hamria, Meknès",1 150 000
Not Specified,2 chambres,1 sdb,Rez de chaussée,"Marjane 2, Meknès",Not Specified
74 m²,3 chambres,2 sdbs,Not Specified,"Autre secteur, Meknès",480 000
74 m²,3 chambres,2 sdbs,Étage 4,"Marjane 2, Meknès",480 000
126 m²,3 chambres,2 sdbs,Étage 6,"Hamria, Meknès",1 050 000
183 m²,3 chambres,1 sdb,Étage 4,"Hamria, Meknès",1 600 000
64 m²,2 chambres,2 sdbs,Étage 3,"Hamria, Meknès",22
183 m²,3 chambres,1 sdb,Étage 4,"Hamria, Meknès",1 600 000
100 m²,3 chambres,2 sdbs,Étage 2,"Autre secteur, Meknès",800 000
80 m²,2 chambres,1 sdb,Étage 4,"Hamria, Meknès",520 000
65 m²,2 chambres,1 sdb,Rez de chaussée,"Autre secteur, Meknès",240 000
50 m²,2 chambres,1 sdb,Étage 4,"Zitoune, Meknès",190 000
157 m²,3 chambres,2 sdbs,Étage 1,"Ville Nouvelle, Meknès",1 000 000
Not Specified,2 chambres,1 sdb,Étage 3,"Hamria, Meknès",800 000
110 m²,2 chambres,1 sdb,Étage 1,"Marjane 2, Meknès",720 000
76 m²,2 chambres,2 sdbs,Étage 5,"Hamria, Meknès",610 000
75 m²,2 chambres,1 sdb,Étage 1,"Wislane, Meknès",300 000
65 m²,2 chambres,1 sdb,Rez de chaussée,"Autre secteur, Meknès",360 000
106 m²,3 chambres,2 sdbs,Étage 1,"Meknès, Marjane 2",805 000
60 m²,2 chambres,1 sdb,Rez de chaussée,"Meknès, Autre secteur",350 000
Not Specified,3 chambres,1 sdb,Étage 1,"Meknès, Autre secteur",390 000
154 m²,3 chambres,2 sdbs,Étage 6,"Hamria, Meknès",Not Specified
Not Specified,2 chambres,1 sdb,Étage 1,"Wislane, Meknès",155 000
Not Specified,3 chambres,2 sdbs,Étage 3,"Hamria, Meknès",1 040 000
Not Specified,3 chambres,2 sdbs,Étage 3,"Marjane 2, Meknès",760 000
Not Specified,4 chambres,3 sdbs,Rez de chaussée,"Hamria, Meknès",1 640 000
Not Specified,3 chambres,2 sdbs,Étage 3,"Hamria, Meknès",830 000
Not Specified,3 chambres,2 sdbs,Rez de chaussée,"Hamria, Meknès",850 000
106 m²,3 chambres,2 sdbs,Étage 5,"Ville Nouvelle, Meknès",52 000
100 m²,2 chambres,2 sdbs,Rez de chaussée,"Autre secteur, Meknès",Not Specified
Not Specified,4 chambres,1 sdb,Étage 2,"Wislane, Meknès",290 000
100 m²,3 chambres,2 sdbs,Rez de chaussée,"Hamria, Meknès",620 000
100 m²,3 chambres,2 sdbs,Étage 2,"Autre secteur, Meknès",590 000
Not Specified,3 chambres,2 sdbs,Étage 3,"Hamria, Meknès",350 000
78 m²,3 chambres,1 sdb,Étage 1,"Ville Nouvelle, Meknès",480 000
64 m²,2 chambres,2 sdbs,Étage 3,"Marjane 2, Meknès",230 000
Not Specified,2 chambres,1 sdb,Étage 2,"Wislane, Meknès",Not Specified
65 m²,2 chambres,1 sdb,Étage 2,"El Bassatine, Meknès",190 000
154 m²,3 chambres,2 sdbs,Étage 1,"Autre secteur, Meknès",840 000
140 m²,3 chambres,2 sdbs,Étage 2,"Autre secteur, Meknès",1 040 000
Not Specified,4 chambres,Not Specified,Rez de chaussée,"Sbata, Meknès",Not Specified
140 m²,3 chambres,2 sdbs,Étage 2,"Hay Salam, Meknès",Not Specified
10858 m²,3 chambres,2 sdbs,Étage 1,"Autre secteur, Meknès",580 000
110 m²,3 chambres,1 sdb,Étage 4,"Autre secteur, Meknès",500 000
120 m²,3 chambres,2 sdbs,Étage 1,"Hamria, Meknès",750 000
120 m²,3 chambres,1 sdb,Étage 1,"Autre secteur, Meknès",660 000
143 m²,3 chambres,1 sdb,Étage 5,"Hamria, Meknès",1 100 000
180 m²,3 chambres,2 sdbs,Étage 6,Meknès,Not Specified
70 m²,3 chambres,1 sdb,Étage 1,"Autre secteur, Meknès",500 000
Not Specified,2 chambres,2 sdbs,Étage 2,"El Bassatine, Meknès",Not Specified
70 m²,3 chambres,1 sdb,Étage 4,"Hamria, Meknès",260 000
Not Specified,2 chambres,1 sdb,Étage 4,"Autre secteur, Meknès",300 000
70 m²,2 chambres,1 sdb,Étage 4,"Marjane 2, Meknès",370 000
100 m²,3 chambres,2 sdbs,Étage 2,"Marjane 2, Meknès",600 000
280 m²,4 chambres,2 sdbs,Étage 2,"El Bassatine, Meknès",Not Specified
92 m²,2 chambres,1 sdb,Étage 2,"El Bassatine, Meknès",Not Specified
60 m²,2 chambres,1 sdb,Rez de chaussée,"Meknès, Autre secteur",350 000
Not Specified,3 chambres,1 sdb,Étage 1,"Meknès, Autre secteur",390 000
106 m²,3 chambres,2 sdbs,Étage 1,"Meknès, Marjane 2",805 000
Not Specified,2 chambres,2 sdbs,Rez de chaussée,"Wislane, Meknès",420 000
105 m²,3 chambres,1 sdb,Étage 3,"Autre secteur, Meknès",550 000
Not Specified,3 chambres,3 sdbs,Étage 4,"Hamria, Meknès",Not Specified
60 m²,3 chambres,1 sdb,Étage 1,"Autre secteur, Meknès",260 000
59 m²,2 chambres,1 sdb,Étage 2,"El Bassatine, Meknès",340 000
Not Specified,2 chambres,1 sdb,Étage 2,"Marjane 2, Meknès",440 000
50 m²,2 chambres,1 sdb,Étage 1,"Autre secteur, Meknès",265 000
93 m²,2 chambres,2 sdbs,Étage 7,"Hamria, Meknès",650 000
68 m²,2 chambres,1 sdb,Étage 4,"Autre secteur, Meknès",260 000
68 m²,2 chambres,1 sdb,Étage 4,"Autre secteur, Meknès",260 000
100 m²,3 chambres,2 sdbs,Étage 3,"Autre secteur, Meknès",45 000 000
70 m²,2 chambres,1 sdb,Étage 1,"Autre secteur, Meknès",34
63 m²,3 chambres,1 sdb,Étage 3,"Wislane, Meknès",30 000
84 m²,3 chambres,2 sdbs,Étage 3,"Marjane 2, Meknès",445 000
60 m²,2 chambres,1 sdb,Étage 2,"Hamria, Meknès",Not Specified
65 m²,2 chambres,2 sdbs,Étage 7,"Hamria, Meknès",330 000
60 m²,3 chambres,2 sdbs,Étage 2,"Marjane 2, Meknès",380 000
140 m²,3 chambres,2 sdbs,Étage 1,"Sidi Said, Meknès",Not Specified
131 m²,3 chambres,2 sdbs,Étage 2,"Ville Nouvelle, Meknès",780 000
Not Specified,4 chambres,Not Specified,Étage 2,"Autre secteur, Meknès",520 000
67 m²,2 chambres,1 sdb,Étage 4,"Autre secteur, Meknès",240 000
Not Specified,3 chambres,2 sdbs,Rez de chaussée,"Autre secteur, Meknès",520 000
58 m²,2 chambres,1 sdb,Étage 3,"Riad Toulal, Meknès",240 000
110 m²,3 chambres,2 sdbs,Étage 2,"Autre secteur, Meknès",56
84 m²,3 chambres,2 sdbs,Étage 3,"Marjane 2, Meknès",445 000
Not Specified,3 chambres,Not Specified,Étage 2,"Marjane 2, Meknès",75 000
100 m²,3 chambres,2 sdbs,Rez de chaussée,"Autre secteur, Meknès",620 000
110 m²,3 chambres,2 sdbs,Étage 2,"Marjane 2, Meknès",590 000
118 m²,3 chambres,1 sdb,Étage 1,"Autre secteur, Meknès",560 000
Not Specified,3 chambres,2 sdbs,Étage 3,"Autre secteur, Meknès",660 000
115 m²,3 chambres,2 sdbs,Étage 2,"Autre secteur, Meknès",670 000
Not Specified,2 chambres,Not Specified,Étage 1,"Riad Toulal, Meknès",Not Specified
100 m²,3 chambres,2 sdbs,Étage 2,"Autre secteur, Meknès",620 000
115 m²,3 chambres,2 sdbs,Rez de chaussée,"Autre secteur, Meknès",67 000
83 m²,2 chambres,2 sdbs,Étage 4,"Ville Nouvelle, Meknès",670 000
Not Specified,3 chambres,1 sdb,Étage 1,"Meknès, Autre secteur",390 000
106 m²,3 chambres,2 sdbs,Étage 1,"Meknès, Marjane 2",805 000
60 m²,2 chambres,1 sdb,Rez de chaussée,"Meknès, Autre secteur",350 000
71 m²,2 chambres,1 sdb,Étage 3,"El Bassatine, Meknès",400 000
Not Specified,3 chambres,2 sdbs,Étage 2,"Marjane 2, Meknès",58
211 m²,3 chambres,2 sdbs,Étage 3,"Ville Nouvelle, Meknès",1 800 000
54 m²,1 chambre,0 sdb,Étage 3,"Wislane, Meknès",Not Specified
Not Specified,Not Specified,Not Specified,Not Specified,"Marjane 2, Meknès",Not Specified
70 m²,2 chambres,2 sdbs,Étage 4,"El Bassatine, Meknès",36
Not Specified,3 chambres,Not Specified,Étage 4,"Autre secteur, Meknès",340 000
96 m²,3 chambres,2 sdbs,Étage 1,"Autre secteur, Meknès",750 000
110 m²,3 chambres,2 sdbs,Étage 1,"Autre secteur, Meknès",470 000
112 m²,3 chambres,2 sdbs,Étage 1,"Autre secteur, Meknès",600 000
Not Specified,3 chambres,Not Specified,Étage 4,"Hamria, Meknès",7 500
86 m²,1 chambre,2 sdbs,Étage 1,"Autre secteur, Meknès",500 000
Not Specified,2 chambres,1 sdb,Étage 1,"Wislane, Meknès",350 000
Not Specified,2 chambres,Not Specified,Étage 1,"Marjane 2, Meknès",300 000
131 m²,2 chambres,2 sdbs,Not Specified,"Autre secteur, Meknès",450 000
80 m²,2 chambres,Not Specified,Étage 4,"Autre secteur, Meknès",3 450 000
Not Specified,2 chambres,1 sdb,Étage 2,"Wislane, Meknès",Not Specified
80 m²,2 chambres,1 sdb,Étage 3,"El Bassatine, Meknès",400 000
66 m²,3 chambres,1 sdb,Étage 3,"Marjane 2, Meknès",450 000
80 m²,2 chambres,2 sdbs,Étage 2,"Marjane 2, Meknès",400 000
70 m²,2 chambres,2 sdbs,Étage 2,"Autre secteur, Meknès",Not Specified
107 m²,2 chambres,0 sdb,Rez de chaussée,"Hamria, Meknès",890 000
59 m²,2 chambres,1 sdb,Rez de chaussée,"Bele Vue, Meknès",320 000
133 m²,3 chambres,2 sdbs,Étage 4,"Hamria, Meknès",860 000
103 m²,3 chambres,1 sdb,Étage 2,"Marjane 2, Meknès",720 000
93 m²,3 chambres,2 sdbs,Étage 5,"Hamria, Meknès",650 000
57 m²,2 chambres,1 sdb,Étage 2,"Hamria, Meknès",390 000
69 m²,2 chambres,1 sdb,Étage 2,"Hamria, Meknès",390 000
70 m²,3 chambres,1 sdb,Étage 1,"Autre secteur, Meknès",350 000
Not Specified,2 chambres,1 sdb,Étage 4,"Autre secteur, Meknès",450 000
113 m²,3 chambres,2 sdbs,Étage 2,"Wislane, Meknès",Not Specified
69 m²,2 chambres,2 sdbs,Étage 4,"El Bassatine, Meknès",Not Specified
Not Specified,3 chambres,2 sdbs,Étage 3,"Autre secteur, Meknès",320 000
83 m²,2 chambres,1 sdb,Étage 1,"Ancienne Médina, Meknès",280 000
Not Specified,3 chambres,1 sdb,Étage 4,"Hay Salam, Meknès",Not Specified
Not Specified,3 chambres,1 sdb,Étage 1,"Meknès, Autre secteur",390 000
60 m²,2 chambres,1 sdb,Rez de chaussée,"Meknès, Autre secteur",350 000
106 m²,3 chambres,2 sdbs,Étage 1,"Meknès, Marjane 2",805 000
96 m²,3 chambres,1 sdb,Étage 4,"La Hacienda, Meknès",440 000
154 m²,4 chambres,2 sdbs,Étage 2,"Autre secteur, Meknès",800 000
75 m²,2 chambres,1 sdb,Étage 1,"Autre secteur, Meknès",330 000
138 m²,3 chambres,2 sdbs,Étage 6,"Hamria, Meknès",1 100 000
190 m²,4 chambres,2 sdbs,Rez de chaussée,"El Bassatine, Meknès",Not Specified
68 m²,3 chambres,2 sdbs,Étage 1,"Wislane, Meknès",50 000
120 m²,3 chambres,3 sdbs,Étage 1,"Marjane 2, Meknès",56
126 m²,2 chambres,1 sdb,Étage 1,"Hamria, Meknès",1 200 000
0 m²,1 chambre,0 sdb,Rez de chaussée,"Autre secteur, Meknès",Not Specified
100 m²,3 chambres,2 sdbs,Étage 1,"El Bassatine, Meknès",530 000
160 m²,3 chambres,2 sdbs,Étage 1,"Zitoune, Meknès",Not Specified
110 m²,3 chambres,2 sdbs,Étage 2,"Marjane 2, Meknès",Not Specified
59 m²,2 chambres,1 sdb,Étage 3,"Ville Nouvelle, Meknès",250 000
220 m²,3 chambres,3 sdbs,Rez de chaussée,"Autre secteur, Meknès",1 070 000
60 m²,2 chambres,1 sdb,Étage 3,"Autre secteur, Meknès",180 000
Not Specified,2 chambres,1 sdb,Étage 7,"El Bassatine, Meknès",460 000
168 m²,2 chambres,2 sdbs,Étage 1,"Ville Nouvelle, Meknès",745 815
139 m²,3 chambres,2 sdbs,Étage 4,"Hamria, Meknès",930 000
140 m²,3 chambres,2 sdbs,Étage 3,"Autre secteur, Meknès",1 040 000
95 m²,3 chambres,1 sdb,Étage 6,"Marjane 2, Meknès",470 000
76 m²,3 chambres,1 sdb,Étage 3,"Marjane 2, Meknès",340 000
92 m²,2 chambres,1 sdb,Étage 3,"El Bassatine, Meknès",Not Specified
140 m²,2 chambres,0 sdb,Étage 1,"Ancienne Médina, Meknès",65 000
65 m²,2 chambres,1 sdb,Étage 1,"El Bassatine, Meknès",260 000
Not Specified,2 chambres,0 sdb,Étage 1,"Autre secteur, Meknès",250 000
87 m²,3 chambres,1 sdb,Étage 1,"Autre secteur, Meknès",420 000
90 m²,3 chambres,2 sdbs,Étage 1,"Autre secteur, Meknès",550 000
Not Specified,3 chambres,Not Specified,Étage 1,"Zitoune, Meknès",Not Specified
Not Specified,Not Specified,Not Specified,Not Specified,"Wislane, Meknès",300 000
110 m²,3 chambres,3 sdbs,Étage 1,"Autre secteur, Meknès",450 000
140 m²,3 chambres,2 sdbs,Étage 2,"Autre secteur, Meknès",1 080 000
100 m²,3 chambres,2 sdbs,Étage 2,"Autre secteur, Meknès",560
71 m²,3 chambres,2 sdbs,Étage 1,"Riad Toulal, Meknès",Not Specified
87 m²,2 chambres,1 sdb,Étage 1,"Ville Nouvelle, Meknès",470 000
73 m²,2 chambres,1 sdb,Rez de chaussée,"Autre secteur, Meknès",460 000
106 m²,3 chambres,2 sdbs,Étage 1,"Meknès, Marjane 2",805 000
Not Specified,3 chambres,1 sdb,Étage 1,"Meknès, Autre secteur",390 000
60 m²,2 chambres,1 sdb,Rez de chaussée,"Meknès, Autre secteur",350 000
100 m²,3 chambres,2 sdbs,Étage 2,"Autre secteur, Meknès",650 000
116 m²,3 chambres,2 sdbs,Étage 2,"Autre secteur, Meknès",600 000
126 m²,3 chambres,3 sdbs,Étage 1,"Hamria, Meknès",10 070 000
100 m²,3 chambres,1 sdb,Étage 2,"Sidi Bouzekri, Meknès",34 000 000
Not Specified,3 chambres,2 sdbs,Étage 1,"Autre secteur, Meknès",680 000
93 m²,2 chambres,2 sdbs,Étage 2,"Hamria, Meknès",Not Specified
60 m²,2 chambres,1 sdb,Rez de chaussée,"Wislane, Meknès",250 000
Not Specified,Not Specified,Not Specified,Not Specified,Meknès,Not Specified
65 m²,2 chambres,1 sdb,Étage 3,"Marjane 2, Meknès",24 000
96 m²,2 chambres,2 sdbs,Rez de chaussée,"Wislane, Meknès",500 000
140 m²,3 chambres,2 sdbs,Étage 4,"Ville Nouvelle, Meknès",11 000 000
63 m²,3 chambres,2 sdbs,Rez de chaussée,"Autre secteur, Meknès",350 000
Not Specified,3 chambres,2 sdbs,Étage 3,"Autre secteur, Meknès",650 000
100 m²,3 chambres,2 sdbs,Étage 4,"Autre secteur, Meknès",540 000
156 m²,3 chambres,2 sdbs,Étage 1,"Autre secteur, Meknès",840 000
120 m²,3 chambres,2 sdbs,Étage 1,"Autre secteur, Meknès",Not Specified
160 m²,3 chambres,2 sdbs,Étage 1,"Zitoune, Meknès",Not Specified
Not Specified,Not Specified,Not Specified,Not Specified,"Wislane, Meknès",50
140 m²,3 chambres,2 sdbs,Étage 4,"Hamria, Meknès",1 000 000
164 m²,3 chambres,2 sdbs,Étage 4,"Hamria, Meknès",850 000
68 m²,3 chambres,0 sdb,Étage 1,"Riad Toulal, Meknès",320 000
80 m²,2 chambres,1 sdb,Rez de chaussée,"Hay Salam, Meknès",700 000
70 m²,2 chambres,1 sdb,Étage 1,"Riad Toulal, Meknès",280 000
75 m²,2 chambres,1 sdb,Étage 1,"Riad Toulal, Meknès",360 000
87 m²,2 chambres,1 sdb,Étage 1,"Riad Toulal, Meknès",420 000
100 m²,4 chambres,1 sdb,Étage 1,"Wislane, Meknès",500 000
145 m²,3 chambres,2 sdbs,Étage 3,"Hamria, Meknès",835 000
76 m²,3 chambres,2 sdbs,Étage 3,"Ville Nouvelle, Meknès",490 000
92 m²,3 chambres,2 sdbs,Étage 2,"Autre secteur, Meknès",570 000
155 m²,4 chambres,2 sdbs,Étage 2,"Autre secteur, Meknès",Not Specified
75 m²,3 chambres,2 sdbs,Étage 1,"Autre secteur, Meknès",250 000
110 m²,3 chambres,2 sdbs,Étage 2,"Autre secteur, Meknès",550 000
97 m²,3 chambres,2 sdbs,Étage 2,"Autre secteur, Meknès",Not Specified
90 m²,2 chambres,1 sdb,Étage 1,"Autre secteur, Meknès",500 000
60 m²,2 chambres,1 sdb,Étage 1,"Autre secteur, Meknès",260 000
60 m²,2 chambres,1 sdb,Rez de chaussée,"Meknès, Autre secteur",350 000
Not Specified,3 chambres,1 sdb,Étage 1,"Meknès, Autre secteur",390 000
106 m²,3 chambres,2 sdbs,Étage 1,"Meknès, Marjane 2",805 000
80 m²,2 chambres,1 sdb,Étage 2,"Autre secteur, Meknès",50
Not Specified,5 chambres,4 sdbs,Étage 3,"Riad Toulal, Meknès",1
78 m²,3 chambres,1 sdb,Étage 1,"El Bassatine, Meknès",46
6536 m²,2 chambres,2 sdbs,Rez de chaussée,"Marjane 2, Meknès",36
Not Specified,2 chambres,Not Specified,Rez de chaussée,"Autre secteur, Meknès",Not Specified
70 m²,3 chambres,2 sdbs,Étage 2,"Autre secteur, Meknès",265 000
Not Specified,2 chambres,1 sdb,Étage 2,"El Bassatine, Meknès",340 000
200 m²,3 chambres,2 sdbs,Étage 3,"Hamria, Meknès",2 200 000
87 m²,3 chambres,1 sdb,Étage 1,"El Bassatine, Meknès",53
97 m²,3 chambres,2 sdbs,Étage 3,"El Bassatine, Meknès",Not Specified
85 m²,2 chambres,2 sdbs,Rez de chaussée,"Autre secteur, Meknès",Not Specified
85 m²,2 chambres,2 sdbs,Rez de chaussée,"Autre secteur, Meknès",Not Specified
Not Specified,4 chambres,Not Specified,Étage 6,"Hamria, Meknès",140 000 000
Not Specified,2 chambres,2 sdbs,Étage 2,"Autre secteur, Meknès",290 000
71 m²,2 chambres,2 sdbs,Étage 3,"Marjane 2, Meknès",450 000
60 m²,2 chambres,2 sdbs,Rez de chaussée,"Autre secteur, Meknès",20
80 m²,2 chambres,1 sdb,Étage 1,"Riad Toulal, Meknès",300 000
Not Specified,2 chambres,1 sdb,Étage 1,"Zitoune, Meknès",Not Specified
120 m²,3 chambres,2 sdbs,Rez de chaussée,"Wislane, Meknès",420 000
65 m²,2 chambres,1 sdb,Étage 2,"El Bassatine, Meknès",300 000
65 m²,2 chambres,1 sdb,Étage 1,"El Bassatine, Meknès",300 000
174 m²,3 chambres,2 sdbs,Étage 3,"Hamria, Meknès",1 000 000
90 m²,2 chambres,2 sdbs,Étage 3,"Autre secteur, Meknès",Not Specified
80 m²,2 chambres,1 sdb,Étage 2,"Marjane 2, Meknès",410 000
81 m²,2 chambres,2 sdbs,Étage 1,"Autre secteur, Meknès",29
90 m²,3 chambres,2 sdbs,Étage 3,"El Bassatine, Meknès",42
96 m²,3 chambres,2 sdbs,Étage 3,"Autre secteur, Meknès",680 000
Not Specified,3 chambres,2 sdbs,Étage 1,"Hamria, Meknès",1 150 000
110 m²,3 chambres,2 sdbs,Étage 1,"Autre secteur, Meknès",580 000
70 m²,3 chambres,2 sdbs,Étage 2,"Autre secteur, Meknès",37 000
75 m²,2 chambres,1 sdb,Étage 4,"Riad Toulal, Meknès",300 000
12 m²,3 chambres,2 sdbs,Rez de chaussée,"Marjane 2, Meknès",650 000
70 m²,3 chambres,1 sdb,Étage 2,"Autre secteur, Meknès",310 000
137 m²,3 chambres,2 sdbs,Étage 1,"Autre secteur, Meknès",Not Specified
Not Specified,3 chambres,2 sdbs,Étage 2,"Autre secteur, Meknès",Not Specified
106 m²,3 chambres,2 sdbs,Étage 1,"Meknès, Marjane 2",805 000
60 m²,2 chambres,1 sdb,Rez de chaussée,"Meknès, Autre secteur",350 000
Not Specified,3 chambres,1 sdb,Étage 1,"Meknès, Autre secteur",390 000
90 m²,3 chambres,2 sdbs,Étage 2,"Autre secteur, Meknès",500 000
82 m²,3 chambres,2 sdbs,Étage 1,"Autre secteur, Meknès",420 000
169 m²,3 chambres,2 sdbs,Étage 2,"Hamria, Meknès",1 300 000
Not Specified,2 chambres,Not Specified,Étage 4,"El Bassatine, Meknès",480 000
169 m²,3 chambres,2 sdbs,Étage 2,"Ville Nouvelle, Meknès",1 300 000
92 m²,2 chambres,2 sdbs,Étage 2,"Hamria, Meknès",540 000
92 m²,2 chambres,2 sdbs,Étage 2,"Hamria, Meknès",540 000
Not Specified,3 chambres,2 sdbs,Étage 3,"Hamria, Meknès",1 040 000
55 m²,2 chambres,0 sdb,Étage 4,"Wislane, Meknès",140 000
Not Specified,3 chambres,2 sdbs,Rez de chaussée,"Hamria, Meknès",830 000
134 m²,3 chambres,2 sdbs,Étage 1,"El Bassatine, Meknès",820 000
Not Specified,3 chambres,2 sdbs,Étage 8,"Hamria, Meknès",850 000
Not Specified,3 chambres,2 sdbs,Rez de chaussée,"El Bassatine, Meknès",620 000
Not Specified,3 chambres,2 sdbs,Étage 3,"Marjane 2, Meknès",760 000
60 m²,2 chambres,1 sdb,Étage 1,"El Bassatine, Meknès",260 000
60 m²,2 chambres,1 sdb,Étage 1,"El Bassatine, Meknès",260 000
100 m²,3 chambres,2 sdbs,Rez de chaussée,"Autre secteur, Meknès",640 000
120 m²,3 chambres,2 sdbs,Étage 2,"Hay Salam, Meknès",740 000
64 m²,2 chambres,1 sdb,Étage 7,"El Bassatine, Meknès",340 000
80 m²,3 chambres,2 sdbs,Étage 2,"Autre secteur, Meknès",480 000
55 m²,1 chambre,1 sdb,Étage 3,"Marjane 2, Meknès",240 000
64 m²,2 chambres,1 sdb,Étage 1,"Autre secteur, Meknès",300 000
156 m²,3 chambres,2 sdbs,Étage 4,"Hamria, Meknès",900 000
Not Specified,Not Specified,Not Specified,Not Specified,Meknès,34
100 m²,3 chambres,2 sdbs,Étage 1,"Riad Toulal, Meknès",580 000
120 m²,3 chambres,2 sdbs,Not Specified,"Marjane 2, Meknès",5 000 000
121127 m²,3 chambres,2 sdbs,Étage 3,"El Bassatine, Meknès",76
100 m²,2 chambres,2 sdbs,Rez de chaussée,"Autre secteur, Meknès",480 000
87 m²,3 chambres,2 sdbs,Étage 1,"Hamria, Meknès",540 000
125 m²,3 chambres,2 sdbs,Étage 2,"Hamria, Meknès",820 000
Not Specified,Not Specified,Not Specified,Not Specified,"Hamria, Meknès",770 000
Not Specified,Not Specified,Not Specified,Not Specified,"El Bassatine, Meknès",540 000
126 m²,3 chambres,2 sdbs,Étage 6,"Hamria, Meknès",1 050 000
131 m²,3 chambres,2 sdbs,Étage 3,"Zitoune, Meknès",485 000
126 m²,3 chambres,3 sdbs,Étage 4,"Autre secteur, Meknès",850 000
60 m²,2 chambres,1 sdb,Rez de chaussée,"Meknès, Autre secteur",350 000
Not Specified,3 chambres,1 sdb,Étage 1,"Meknès, Autre secteur",390 000
106 m²,3 chambres,2 sdbs,Étage 1,"Meknès, Marjane 2",805 000
80 m²,3 chambres,2 sdbs,Étage 2,"Ville Nouvelle, Meknès",480 000
Not Specified,3 chambres,Not Specified,Étage 2,"Bele Vue, Meknès",Not Specified
60 m²,2 chambres,2 sdbs,Étage 1,"Autre secteur, Meknès",360 000
Not Specified,2 chambres,1 sdb,Étage 3,"Wislane, Meknès",18
Not Specified,2 chambres,1 sdb,Étage 3,"Wislane, Meknès",18
Not Specified,2 chambres,Not Specified,Étage 3,"Wislane, Meknès",Not Specified
73 m²,2 chambres,0 sdb,Étage 2,"Marjane 2, Meknès",Not Specified
122 m²,3 chambres,2 sdbs,Étage 1,"Zitoune, Meknès",680 000
Not Specified,2 chambres,0 sdb,Étage 7,"Autre secteur, Meknès",520 000
50 m²,2 chambres,1 sdb,Not Specified,"Marjane 2, Meknès",190 000
114 m²,3 chambres,2 sdbs,Étage 1,"El Bassatine, Meknès",580 000
110 m²,3 chambres,2 sdbs,Étage 1,"Zitoune, Meknès",580 000
68 m²,3 chambres,1 sdb,Étage 4,"Mèdina, Meknès",280 000
107 m²,3 chambres,2 sdbs,Étage 2,"Mèdina, Meknès",560 000
70 m²,3 chambres,1 sdb,Étage 2,"Mèdina, Meknès",290 000
70 m²,2 chambres,1 sdb,Étage 1,"El Bassatine, Meknès",370 000
110 m²,3 chambres,2 sdbs,Étage 1,"Marjane 2, Meknès",750 000
Not Specified,3 chambres,Not Specified,Étage 7,"El Bassatine, Meknès",605 000
93 m²,3 chambres,2 sdbs,Étage 2,"Zitoune, Meknès",680 000
70 m²,2 chambres,2 sdbs,Étage 4,"Hamria, Meknès",330 000
105 m²,3 chambres,2 sdbs,Étage 1,"Marjane 2, Meknès",440 000
75 m²,3 chambres,2 sdbs,Étage 1,"Marjane 2, Meknès",340 000
144 m²,3 chambres,3 sdbs,Étage 1,"Hamria, Meknès",1 050 000
127 m²,2 chambres,2 sdbs,Étage 1,"Autre secteur, Meknès",900 000
82 m²,3 chambres,2 sdbs,Étage 2,"Autre secteur, Meknès",580 000
62 m²,2 chambres,2 sdbs,Étage 5,"Sidi Bouzekri, Meknès",37 000
106 m²,2 chambres,1 sdb,Étage 2,"Autre secteur, Meknès",Not Specified
110 m²,3 chambres,2 sdbs,Étage 2,"Autre secteur, Meknès",56
120 m²,3 chambres,2 sdbs,Étage 2,"Marjane 2, Meknès",840 000
73 m²,2 chambres,1 sdb,Étage 2,"Marjane 2, Meknès",Not Specified
Not Specified,Not Specified,Not Specified,Not Specified,"Hamria, Meknès",Not Specified
62 m²,2 chambres,2 sdbs,Étage 5,"Sidi Bouzekri, Meknès",370 000
107 m²,2 chambres,1 sdb,Étage 3,"La Hacienda, Meknès",430 000
139 m²,3 chambres,2 sdbs,Étage 4,"Ville Nouvelle, Meknès",Not Specified
160 m²,3 chambres,3 sdbs,Étage 3,"Hamria, Meknès",Not Specified
Not Specified,3 chambres,1 sdb,Étage 1,"Meknès, Autre secteur",390 000
60 m²,2 chambres,1 sdb,Rez de chaussée,"Meknès, Autre secteur",350 000
106 m²,3 chambres,2 sdbs,Étage 1,"Meknès, Marjane 2",805 000
150 m²,3 chambres,2 sdbs,Étage 3,"Hamria, Meknès",1 500 000
64 m²,2 chambres,2 sdbs,Étage 1,"Mèdina, Meknès",290 000
154 m²,3 chambres,2 sdbs,Étage 3,"Mèdina, Meknès",1 200 000
80 m²,3 chambres,2 sdbs,Étage 1,"Mèdina, Meknès",420 000
110 m²,3 chambres,1 sdb,Étage 2,"Mèdina, Meknès",400 000
70 m²,3 chambres,1 sdb,Étage 2,"Mèdina, Meknès",310 000
130 m²,3 chambres,3 sdbs,Étage 1,"Autre secteur, Meknès",700 000
100 m²,3 chambres,2 sdbs,Étage 1,"Marjane 2, Meknès",Not Specified
120 m²,3 chambres,2 sdbs,Étage 1,"Autre secteur, Meknès",Not Specified
150 m²,3 chambres,2 sdbs,Étage 3,"Hamria, Meknès",1 500 000
145 m²,3 chambres,2 sdbs,Étage 4,"Hamria, Meknès",880 000
Not Specified,3 chambres,2 sdbs,Étage 1,"Autre secteur, Meknès",250 000
70 m²,3 chambres,1 sdb,Étage 1,"Autre secteur, Meknès",300 000
136 m²,3 chambres,2 sdbs,Étage 7,"Hamria, Meknès",850 000
112 m²,2 chambres,1 sdb,Étage 1,"Hamria, Meknès",Not Specified
Not Specified,2 chambres,Not Specified,Étage 3,"Hay Salam, Meknès",420 000
150 m²,5 chambres,Not Specified,Étage 3,"Omar, Meknès",Not Specified
750 m²,8 chambres,5 sdbs,Étage 6,"Zerhounia, Meknès",2 000 000
123 m²,2 chambres,2 sdbs,Étage 4,"Mèdina, Meknès",860 000
Not Specified,Not Specified,Not Specified,Not Specified,Meknès,36
150 m²,3 chambres,2 sdbs,Étage 4,"Hamria, Meknès",1 400 000
69 m²,2 chambres,1 sdb,Étage 4,"El Bassatine, Meknès",Not Specified
76 m²,2 chambres,2 sdbs,Étage 2,"Ville Nouvelle, Meknès",500 000
Not Specified,Not Specified,Not Specified,Not Specified,"Autre secteur, Meknès",360 000
100 m²,3 chambres,2 sdbs,Rez de chaussée,"Autre secteur, Meknès",540 000
92 m²,2 chambres,2 sdbs,Étage 2,"Hamria, Meknès",Not Specified
Not Specified,3 chambres,2 sdbs,Étage 7,"Hamria, Meknès",640 000
196 m²,5 chambres,3 sdbs,Étage 10,"Hamria, Meknès",1 800 000
Not Specified,3 chambres,2 sdbs,Étage 4,"Autre secteur, Meknès",750 000
75 m²,2 chambres,1 sdb,Étage 6,"Autre secteur, Meknès",320 000
75 m²,2 chambres,1 sdb,Étage 2,"Marjane 2, Meknès",400 000
130 m²,2 chambres,1 sdb,Étage 2,"Riad Toulal, Meknès",30
58 m²,2 chambres,1 sdb,Étage 3,"El Bassatine, Meknès",Not Specified
78 m²,3 chambres,2 sdbs,Étage 4,"Marjane 2, Meknès",300 000
96 m²,2 chambres,2 sdbs,Étage 3,"Autre secteur, Meknès",600 000
60 m²,2 chambres,1 sdb,Rez de chaussée,"Meknès, Autre secteur",350 000
Not Specified,3 chambres,1 sdb,Étage 1,"Meknès, Autre secteur",390 000
106 m²,3 chambres,2 sdbs,Étage 1,"Meknès, Marjane 2",805 000
70 m²,2 chambres,1 sdb,Étage 1,"Marjane 2, Meknès",300 000
78 m²,2 chambres,2 sdbs,Étage 1,"Autre secteur, Meknès",1
92 m²,3 chambres,2 sdbs,Étage 3,"Hamria, Meknès",650 000
190 m²,4 chambres,2 sdbs,Rez de chaussée,"El Bassatine, Meknès",Not Specified
Not Specified,3 chambres,2 sdbs,Étage 2,"Marjane 2, Meknès",760 000
115 m²,3 chambres,1 sdb,Rez de chaussée,"Wislane, Meknès",450 000
Not Specified,3 chambres,2 sdbs,Étage 1,"Autre secteur, Meknès",210 000
72 m²,2 chambres,1 sdb,Étage 4,"Autre secteur, Meknès",280 000
Not Specified,2 chambres,1 sdb,Étage 2,"Mèdina, Meknès",560 000
84 m²,3 chambres,2 sdbs,Étage 1,"Mèdina, Meknès",380 000
100 m²,3 chambres,2 sdbs,Étage 2,"Autre secteur, Meknès",500 000
135 m²,3 chambres,2 sdbs,Étage 1,"Autre secteur, Meknès",800 000
Not Specified,2 chambres,1 sdb,Étage 4,"Autre secteur, Meknès",320 000
Not Specified,2 chambres,1 sdb,Étage 4,"Autre secteur, Meknès",320 000
Not Specified,3 chambres,2 sdbs,Étage 10,"Hamria, Meknès",Not Specified
339 m²,3 chambres,2 sdbs,Étage 6,"Autre secteur, Meknès",2 800 000
80 m²,3 chambres,1 sdb,Étage 4,"Mèdina, Meknès",400 000
Not Specified,3 chambres,2 sdbs,Étage 4,"Hamria, Meknès",Not Specified
56 m²,2 chambres,1 sdb,Étage 1,"Autre secteur, Meknès",230 000
Not Specified,2 chambres,Not Specified,Étage 4,"Marjane 2, Meknès",Not Specified
Not Specified,Not Specified,Not Specified,Not Specified,"Marjane 2, Meknès",640 000
Not Specified,Not Specified,Not Specified,Not Specified,"Hamria, Meknès",640 000
64 m²,2 chambres,1 sdb,Étage 2,"Autre secteur, Meknès",340 000
64 m²,2 chambres,1 sdb,Étage 2,"Hamria, Meknès",330 000
120 m²,3 chambres,1 sdb,Étage 2,"Zerhounia, Meknès",40
Not Specified,3 chambres,2 sdbs,Étage 1,"Marjane 2, Meknès",540 000
183 m²,2 chambres,1 sdb,Étage 2,"Hamria, Meknès",1 600 000
Not Specified,3 chambres,2 sdbs,Étage 4,"Ville Nouvelle, Meknès",970 000
140 m²,2 chambres,1 sdb,Étage 7,"Ville Nouvelle, Meknès",540 000
110 m²,3 chambres,1 sdb,Étage 2,"Omar, Meknès",Not Specified
Not Specified,3 chambres,Not Specified,Étage 2,"Marjane 2, Meknès",Not Specified
70 m²,3 chambres,1 sdb,Étage 1,"Marjane 2, Meknès",42
70 m²,3 chambres,1 sdb,Étage 2,"Marjane 2, Meknès",420
Not Specified,3 chambres,1 sdb,Étage 1,"Hay Salam, Meknès",700 000
200 m²,3 chambres,2 sdbs,Étage 1,"Autre secteur, Meknès",30 000
60 m²,2 chambres,1 sdb,Rez de chaussée,"Meknès, Autre secteur",350 000
106 m²,3 chambres,2 sdbs,Étage 1,"Meknès, Marjane 2",805 000
Not Specified,3 chambres,1 sdb,Étage 1,"Meknès, Autre secteur",390 000
Not Specified,3 chambres,2 sdbs,Étage 1,"El Bassatine, Meknès",270 000
Not Specified,3 chambres,2 sdbs,Étage 1,"El Bassatine, Meknès",270 000
70 m²,3 chambres,1 sdb,Étage 3,"Autre secteur, Meknès",14
64 m²,2 chambres,0 sdb,Étage 3,"Marjane 2, Meknès",22 500
64 m²,3 chambres,2 sdbs,Étage 4,"Marjane 2, Meknès",360 000
90 m²,3 chambres,1 sdb,Rez de chaussée,"El Bassatine, Meknès",520 000
64 m²,2 chambres,1 sdb,Étage 4,Meknès,160 000
70 m²,3 chambres,1 sdb,Étage 1,"Mèdina, Meknès",310 000
120 m²,3 chambres,1 sdb,Étage 1,"Autre secteur, Meknès",750 000
143 m²,3 chambres,3 sdbs,Étage 5,"Hamria, Meknès",1 150 000
55 m²,2 chambres,1 sdb,Étage 1,"Autre secteur, Meknès",260 000
72 m²,3 chambres,2 sdbs,Étage 2,"Mèdina, Meknès",230 000
80 m²,6 chambres,3 sdbs,Étage 2,"Autre secteur, Meknès",120
Not Specified,Not Specified,Not Specified,Not Specified,Meknès,36
160 m²,3 chambres,2 sdbs,Étage 3,"Mèdina, Meknès",Not Specified
108 m²,3 chambres,2 sdbs,Étage 2,"Mèdina, Meknès",560 000
160 m²,3 chambres,2 sdbs,Étage 1,"Mèdina, Meknès",Not Specified
132 m²,3 chambres,2 sdbs,Étage 3,"Mèdina, Meknès",Not Specified
98 m²,3 chambres,2 sdbs,Étage 2,"Mèdina, Meknès",500 000
110 m²,3 chambres,1 sdb,Étage 1,"Mèdina, Meknès",500 000
80 m²,3 chambres,1 sdb,Rez de chaussée,"Omar, Meknès",Not Specified
90 m²,3 chambres,2 sdbs,Étage 1,Meknès,Not Specified
108 m²,3 chambres,3 sdbs,Étage 1,"Autre secteur, Meknès",560 000
Not Specified,4 chambres,2 sdbs,Étage 1,Meknès,Not Specified
Not Specified,4 chambres,3 sdbs,Étage 4,"Hamria, Meknès",1 640 000
Not Specified,3 chambres,2 sdbs,Étage 3,"Hamria, Meknès",1 040 000
Not Specified,3 chambres,1 sdb,Étage 3,"Marjane 2, Meknès",760 000
Not Specified,3 chambres,2 sdbs,Rez de chaussée,"Hamria, Meknès",830 000
Not Specified,3 chambres,2 sdbs,Étage 8,"Hamria, Meknès",860 000
165 m²,3 chambres,3 sdbs,Étage 1,"Mèdina, Meknès",Not Specified
115 m²,3 chambres,2 sdbs,Étage 3,"Mèdina, Meknès",400 000
80 m²,3 chambres,2 sdbs,Étage 2,"Marjane 2, Meknès",460 000
120 m²,1 chambre,2 sdbs,Étage 2,"Marjane 2, Meknès",1 800 000
100 m²,3 chambres,2 sdbs,Étage 1,"Wislane, Meknès",460 000
Not Specified,2 chambres,2 sdbs,Rez de chaussée,"Autre secteur, Meknès",470 000
60 m²,2 chambres,1 sdb,Rez de chaussée,"Meknès, Autre secteur",350 000
106 m²,3 chambres,2 sdbs,Étage 1,"Meknès, Marjane 2",805 000
Not Specified,3 chambres,1 sdb,Étage 1,"Meknès, Autre secteur",390 000
Not Specified,2 chambres,1 sdb,Étage 3,"Marjane 2, Meknès",300
66 m²,2 chambres,0 sdb,Étage 2,"Marjane 2, Meknès",Not Specified
96 m²,3 chambres,2 sdbs,Étage 1,"El Bassatine, Meknès",650 000
90 m²,3 chambres,2 sdbs,Étage 1,"Autre secteur, Meknès",520 000
136 m²,3 chambres,2 sdbs,Étage 2,"Autre secteur, Meknès",56
65 m²,2 chambres,1 sdb,Étage 1,"Wislane, Meknès",300 000
124 m²,2 chambres,1 sdb,Rez de chaussée,"Autre secteur, Meknès",270
Not Specified,3 chambres,2 sdbs,Étage 4,"Wislane, Meknès",300 000
130 m²,3 chambres,2 sdbs,Étage 6,"Marjane 2, Meknès",Not Specified
130 m²,3 chambres,2 sdbs,Étage 6,"Marjane 2, Meknès",Not Specified
75 m²,3 chambres,1 sdb,Étage 1,"El Bassatine, Meknès",Not Specified
123 m²,3 chambres,3 sdbs,Étage 1,"Hamria, Meknès",Not Specified
136 m²,3 chambres,2 sdbs,Étage 2,"Hamria, Meknès",1 050 000
120 m²,3 chambres,1 sdb,Étage 2,"Mèdina, Meknès",Not Specified
70 m²,2 chambres,2 sdbs,Étage 2,"Mèdina, Meknès",320 000
95 m²,2 chambres,1 sdb,Étage 4,"Mèdina, Meknès",390 000
74 m²,2 chambres,2 sdbs,Étage 1,"Autre secteur, Meknès",390 000
120 m²,3 chambres,2 sdbs,Étage 1,"Autre secteur, Meknès",750 000
Not Specified,3 chambres,2 sdbs,Étage 1,"Marjane 2, Meknès",470 000
Not Specified,3 chambres,2 sdbs,Étage 1,"Marjane 2, Meknès",470 000
80 m²,2 chambres,2 sdbs,Étage 3,"Hamria, Meknès",450 000
138 m²,3 chambres,2 sdbs,Étage 3,"Mèdina, Meknès",Not Specified
110 m²,3 chambres,2 sdbs,Étage 1,"Mèdina, Meknès",490 000
135 m²,3 chambres,2 sdbs,Étage 3,"Mèdina, Meknès",Not Specified
65 m²,2 chambres,1 sdb,Étage 4,"Mèdina, Meknès",250 000
154 m²,3 chambres,2 sdbs,Étage 3,"Mèdina, Meknès",Not Specified
Not Specified,2 chambres,1 sdb,Étage 1,"El Bassatine, Meknès",Not Specified
112 m²,3 chambres,1 sdb,Rez de chaussée,"Mèdina, Meknès",360 000
112 m²,3 chambres,2 sdbs,Étage 1,"Autre secteur, Meknès",550 000
Not Specified,Not Specified,Not Specified,Not Specified,Meknès,36
82 m²,2 chambres,2 sdbs,Étage 4,"Sidi Bouzekri, Meknès",460 000
69 m²,2 chambres,2 sdbs,Étage 3,"Autre secteur, Meknès",270 000
Not Specified,2 chambres,1 sdb,Étage 2,"Autre secteur, Meknès",Not Specified
91 m²,3 chambres,1 sdb,Étage 1,"Wislane, Meknès",420 000
80 m²,3 chambres,2 sdbs,Étage 4,"Hamria, Meknès",465 000
60 m²,2 chambres,1 sdb,Rez de chaussée,"Meknès, Autre secteur",350 000
Not Specified,3 chambres,1 sdb,Étage 1,"Meknès, Autre secteur",390 000
106 m²,3 chambres,2 sdbs,Étage 1,"Meknès, Marjane 2",805 000
40 m²,3 chambres,Not Specified,Étage 3,"Zitoune, Meknès",130 000
106 m²,3 chambres,2 sdbs,Not Specified,"Mèdina, Meknès",690 000
5622 m²,1 chambre,1 sdb,Rez de chaussée,"Marjane 2, Meknès",230
100 m²,8 chambres,3 sdbs,Étage 2,"Mèdina, Meknès",1 150 000
75 m²,3 chambres,2 sdbs,Not Specified,"Autre secteur, Meknès",500 000
112 m²,3 chambres,2 sdbs,Not Specified,"Autre secteur, Meknès",11
69 m²,2 chambres,1 sdb,Étage 1,"Marjane 2, Meknès",450 000
115 m²,3 chambres,2 sdbs,Étage 5,Meknès,640 000
126 m²,4 chambres,2 sdbs,Étage 1,"Wislane, Meknès",250 000
85 m²,3 chambres,2 sdbs,Étage 2,"Mèdina, Meknès",480 000
94 m²,2 chambres,2 sdbs,Étage 1,"Marjane 2, Meknès",540 000
55 m²,2 chambres,2 sdbs,Étage 5,"Autre secteur, Meknès",350 000
74 m²,2 chambres,1 sdb,Étage 3,"Mèdina, Meknès",Not Specified
Not Specified,3 chambres,3 sdbs,Étage 6,"Hamria, Meknès",Not Specified
Not Specified,4 chambres,1 sdb,Étage 1,"Hamria, Meknès",Not Specified
Not Specified,3 chambres,2 sdbs,Étage 1,"Hamria, Meknès",Not Specified
Not Specified,3 chambres,3 sdbs,Étage 2,"Hamria, Meknès",1 800 000
Not Specified,3 chambres,Not Specified,Étage 3,"Hamria, Meknès",Not Specified
Not Specified,3 chambres,2 sdbs,Étage 4,"Marjane 2, Meknès",Not Specified
Not Specified,3 chambres,3 sdbs,Étage 1,"Hamria, Meknès",1 950 000
Not Specified,3 chambres,2 sdbs,Étage 2,"Hamria, Meknès",850 000
Not Specified,3 chambres,3 sdbs,Étage 3,"Hamria, Meknès",Not Specified
Not Specified,4 chambres,4 sdbs,Étage 3,"Hamria, Meknès",3 100 000
Not Specified,3 chambres,2 sdbs,Étage 9,"Hamria, Meknès",1 100 000
Not Specified,4 chambres,3 sdbs,Étage 1,"Hamria, Meknès",Not Specified
Not Specified,3 chambres,2 sdbs,Étage 7,"Hamria, Meknès",Not Specified
Not Specified,3 chambres,2 sdbs,Étage 1,"Hamria, Meknès",Not Specified
Not Specified,3 chambres,2 sdbs,Étage 4,"Hamria, Meknès",Not Specified
Not Specified,4 chambres,3 sdbs,Étage 5,"Hamria, Meknès",1 450 000
Not Specified,3 chambres,2 sdbs,Étage 2,"Hamria, Meknès",990 000
208 m²,3 chambres,2 sdbs,Étage 2,"Hamria, Meknès",1 850 000
Not Specified,3 chambres,2 sdbs,Étage 5,"Hamria, Meknès",1 500 000
Not Specified,3 chambres,2 sdbs,Étage 7,"Hamria, Meknès",1 250 000
Not Specified,3 chambres,2 sdbs,Étage 7,"Hamria, Meknès",Not Specified
Not Specified,3 chambres,2 sdbs,Étage 2,"Hamria, Meknès",Not Specified
106 m²,3 chambres,2 sdbs,Étage 1,"Meknès, Marjane 2",805 000
Not Specified,3 chambres,1 sdb,Étage 1,"Meknès, Autre secteur",390 000
60 m²,2 chambres,1 sdb,Rez de chaussée,"Meknès, Autre secteur",350 000
Not Specified,3 chambres,2 sdbs,Étage 4,"Hamria, Meknès",Not Specified
Not Specified,3 chambres,2 sdbs,Étage 4,"Hamria, Meknès",850 000
Not Specified,3 chambres,2 sdbs,Étage 3,"Hamria, Meknès",Not Specified
Not Specified,4 chambres,3 sdbs,Étage 1,"Hamria, Meknès",1 700 000
Not Specified,4 chambres,3 sdbs,Étage 5,"Hamria, Meknès",1 950 000
Not Specified,3 chambres,2 sdbs,Étage 4,"Hamria, Meknès",890 000
Not Specified,3 chambres,2 sdbs,Étage 2,"Hamria, Meknès",Not Specified
Not Specified,3 chambres,2 sdbs,Étage 4,"Hamria, Meknès",1 150 000
Not Specified,3 chambres,2 sdbs,Étage 2,"Hamria, Meknès",Not Specified
Not Specified,3 chambres,2 sdbs,Étage 3,"Hamria, Meknès",Not Specified
Not Specified,3 chambres,2 sdbs,Étage 5,"Hamria, Meknès",Not Specified
Not Specified,3 chambres,2 sdbs,Étage 4,"Hamria, Meknès",890 000
208 m²,3 chambres,2 sdbs,Étage 3,"Hamria, Meknès",Not Specified
Not Specified,3 chambres,2 sdbs,Étage 4,"Hamria, Meknès",Not Specified
85 m²,2 chambres,2 sdbs,Étage 2,"El Bassatine, Meknès",380 000
60 m²,2 chambres,1 sdb,Étage 3,"Autre secteur, Meknès",130 000
60 m²,2 chambres,1 sdb,Étage 3,"Autre secteur, Meknès",130 000
110 m²,3 chambres,2 sdbs,Étage 2,"Autre secteur, Meknès",540 000
65 m²,2 chambres,1 sdb,Étage 4,"Mèdina, Meknès",250 000
Not Specified,2 chambres,Not Specified,Rez de chaussée,"Mèdina, Meknès",42
73 m²,3 chambres,2 sdbs,Étage 3,"Marjane 2, Meknès",270 000
150 m²,3 chambres,2 sdbs,Étage 3,"Mèdina, Meknès",Not Specified
148 m²,3 chambres,2 sdbs,Étage 1,"Mèdina, Meknès",Not Specified
165 m²,3 chambres,3 sdbs,Étage 1,"Mèdina, Meknès",Not Specified
70 m²,3 chambres,1 sdb,Étage 2,"Mèdina, Meknès",280 000
80 m²,2 chambres,2 sdbs,Étage 3,"Mèdina, Meknès",430 000
13 m²,3 chambres,2 sdbs,Étage 3,"Mèdina, Meknès",Not Specified
125 m²,3 chambres,3 sdbs,Rez de chaussée,"Mèdina, Meknès",470 000
Not Specified,1 chambre,1 sdb,Not Specified,"Wislane, Meknès",Not Specified
134 m²,3 chambres,2 sdbs,Étage 1,"El Bassatine, Meknès",820 000
Not Specified,Not Specified,Not Specified,Not Specified,Meknès,Not Specified
Not Specified,2 chambres,1 sdb,Étage 1,"Autre secteur, Meknès",240 000
65 m²,3 chambres,2 sdbs,Étage 1,"Wislane, Meknès",380 000
119 m²,3 chambres,2 sdbs,Rez de chaussée,"Autre secteur, Meknès",Not Specified
65 m²,2 chambres,Not Specified,Étage 4,"Autre secteur, Meknès",270 000
106 m²,3 chambres,2 sdbs,Étage 1,"Meknès, Marjane 2",805 000
60 m²,2 chambres,1 sdb,Rez de chaussée,"Meknès, Autre secteur",350 000
Not Specified,3 chambres,1 sdb,Étage 1,"Meknès, Autre secteur",390 000
75 m²,2 chambres,1 sdb,Étage 3,"Sidi Bouzekri, Meknès",2 000
118 m²,3 chambres,2 sdbs,Étage 6,"Hamria, Meknès",1 200 000
120 m²,3 chambres,2 sdbs,Étage 3,"El Bassatine, Meknès",750 000
124 m²,2 chambres,1 sdb,Étage 5,"Hamria, Meknès",800 000
Not Specified,3 chambres,2 sdbs,Rez de chaussée,"Mèdina, Meknès",Not Specified
108 m²,3 chambres,1 sdb,Étage 1,"El Bassatine, Meknès",560 000
58 m²,2 chambres,1 sdb,Étage 4,"Marjane 2, Meknès",250 000
60 m²,2 chambres,1 sdb,Étage 1,"Mèdina, Meknès",440 000
Not Specified,2 chambres,1 sdb,Étage 3,"Hay Salam, Meknès",380 000
Not Specified,Not Specified,Not Specified,Not Specified,"Autre secteur, Meknès",80
80 m²,3 chambres,1 sdb,Étage 4,"Wislane, Meknès",290 000
Not Specified,3 chambres,2 sdbs,Étage 2,"Ville Nouvelle, Meknès",1 120 000
80 m²,1 chambre,1 sdb,Étage 1,"Marjane 2, Meknès",350
85 m²,3 chambres,2 sdbs,Rez de chaussée,"Autre secteur, Meknès",410 000
130 m²,3 chambres,2 sdbs,Rez de chaussée,"El Bassatine, Meknès",620 000
58 m²,2 chambres,1 sdb,Étage 4,"Wislane, Meknès",300 000
100 m²,2 chambres,1 sdb,Étage 2,"Omar, Meknès",30 000
70 m²,2 chambres,1 sdb,Étage 3,"Marjane 2, Meknès",295 000
95 m²,3 chambres,1 sdb,Étage 6,"Marjane 2, Meknès",470 000
73 m²,3 chambres,1 sdb,Étage 4,Meknès,280 000
65 m²,2 chambres,2 sdbs,Rez de chaussée,"Marjane 2, Meknès",4
86 m²,2 chambres,2 sdbs,Étage 2,"Autre secteur, Meknès",250 000
189 m²,3 chambres,3 sdbs,Étage 5,"Hamria, Meknès",1 400 000
50 m²,3 chambres,1 sdb,Étage 3,"Wislane, Meknès",200 000
130 m²,3 chambres,2 sdbs,Rez de chaussée,"Autre secteur, Meknès",530 000
100 m²,2 chambres,2 sdbs,Étage 1,"El Bassatine, Meknès",500 000
113 m²,3 chambres,2 sdbs,Étage 4,"Autre secteur, Meknès",670 000
Not Specified,2 chambres,1 sdb,Rez de chaussée,"Riad Toulal, Meknès",210 000
Not Specified,2 chambres,2 sdbs,Étage 3,"Hay Salam, Meknès",Not Specified
80 m²,2 chambres,2 sdbs,Étage 1,"Wislane, Meknès",300 000
Not Specified,3 chambres,2 sdbs,Étage 7,"Hamria, Meknès",640 000
75 m²,3 chambres,1 sdb,Étage 1,"Marjane 2, Meknès",420 000
Not Specified,3 chambres,2 sdbs,Étage 1,"Autre secteur, Meknès",620 000
54 m²,2 chambres,1 sdb,Étage 2,"Autre secteur, Meknès",280 000
80 m²,2 chambres,1 sdb,Étage 4,Meknès,400 000
106 m²,3 chambres,2 sdbs,Étage 1,"Meknès, Marjane 2",805 000
60 m²,2 chambres,1 sdb,Rez de chaussée,"Meknès, Autre secteur",350 000
Not Specified,3 chambres,1 sdb,Étage 1,"Meknès, Autre secteur",390 000
70 m²,2 chambres,1 sdb,Étage 1,"Autre secteur, Meknès",36
110 m²,3 chambres,2 sdbs,Étage 2,"Autre secteur, Meknès",550 000
69 m²,2 chambres,2 sdbs,Étage 3,"Autre secteur, Meknès",290 000
54 m²,2 chambres,1 sdb,Étage 4,"Autre secteur, Meknès",295 000
70 m²,3 chambres,1 sdb,Étage 2,Meknès,275 000
94 m²,2 chambres,2 sdbs,Étage 3,"Ville Nouvelle, Meknès",490 000
68 m²,2 chambres,1 sdb,Étage 3,"El Bassatine, Meknès",380 000
Not Specified,3 chambres,2 sdbs,Étage 2,"Autre secteur, Meknès",870 000
Not Specified,3 chambres,3 sdbs,Étage 2,"Autre secteur, Meknès",870 000
70 m²,2 chambres,1 sdb,Étage 4,"Marjane 2, Meknès",330 000
Not Specified,2 chambres,1 sdb,Étage 3,"Autre secteur, Meknès",240 000
Not Specified,2 chambres,1 sdb,Étage 3,"Autre secteur, Meknès",24
57 m²,2 chambres,1 sdb,Rez de chaussée,Meknès,140
58 m²,2 chambres,1 sdb,Étage 1,"Marjane 2, Meknès",3 100 000
74 m²,2 chambres,1 sdb,Étage 3,"Sidi Bouzekri, Meknès",200 000
61 m²,3 chambres,2 sdbs,Étage 3,"Riad Toulal, Meknès",350 000
100 m²,3 chambres,2 sdbs,Étage 1,"Autre secteur, Meknès",580 000
146 m²,3 chambres,2 sdbs,Étage 4,"Hamria, Meknès",1 050 000
129 m²,3 chambres,1 sdb,Étage 2,"Hamria, Meknès",790 000
Not Specified,3 chambres,3 sdbs,Étage 3,"Hamria, Meknès",1 250 000
200 m²,3 chambres,3 sdbs,Étage 3,"Hamria, Meknès",Not Specified
65 m²,2 chambres,1 sdb,Étage 1,"Riad Toulal, Meknès",220 000
144 m²,3 chambres,2 sdbs,Étage 4,"Ville Nouvelle, Meknès",1 040 000
110 m²,3 chambres,1 sdb,Étage 1,"Ancienne Médina, Meknès",700 000
70 m²,2 chambres,1 sdb,Étage 5,"Mèdina, Meknès",280 000
62 m²,2 chambres,2 sdbs,Étage 5,"El Bassatine, Meknès",300 000
112 m²,3 chambres,2 sdbs,Rez de chaussée,"Mèdina, Meknès",400 000
70 m²,3 chambres,1 sdb,Étage 3,"Autre secteur, Meknès",340 000
75 m²,2 chambres,1 sdb,Étage 3,"Wislane, Meknès",Not Specified
133 m²,3 chambres,2 sdbs,Étage 7,"Hamria, Meknès",997 500
Not Specified,3 chambres,1 sdb,Étage 3,"Marjane 2, Meknès",Not Specified
75 m²,2 chambres,1 sdb,Étage 3,"Wislane, Meknès",Not Specified
115 m²,3 chambres,2 sdbs,Étage 1,"Mèdina, Meknès",630 000
75 m²,2 chambres,1 sdb,Étage 3,"Wislane, Meknès",Not Specified
68 m²,2 chambres,1 sdb,Étage 4,"Mèdina, Meknès",240 000
Not Specified,3 chambres,1 sdb,Étage 1,"Meknès, Autre secteur",390 000
60 m²,2 chambres,1 sdb,Rez de chaussée,"Meknès, Autre secteur",350 000
106 m²,3 chambres,2 sdbs,Étage 1,"Meknès, Marjane 2",805 000
170 m²,3 chambres,3 sdbs,Étage 1,"Mèdina, Meknès",Not Specified
125 m²,3 chambres,3 sdbs,Étage 3,"Mèdina, Meknès",610 000
130 m²,3 chambres,3 sdbs,Rez de chaussée,"Mèdina, Meknès",590 000
108 m²,3 chambres,2 sdbs,Étage 1,"Mèdina, Meknès",550 000
71 m²,3 chambres,1 sdb,Étage 2,"Mèdina, Meknès",280 000
90 m²,3 chambres,2 sdbs,Étage 1,"Mèdina, Meknès",360 000
Not Specified,Not Specified,Not Specified,Not Specified,Meknès,Not Specified
110 m²,1 chambre,1 sdb,Étage 1,"Mèdina, Meknès",600 000
150 m²,3 chambres,2 sdbs,Étage 1,"Mèdina, Meknès",Not Specified
Not Specified,4 chambres,2 sdbs,Étage 2,"Mèdina, Meknès",Not Specified
83 m²,3 chambres,1 sdb,Étage 4,"Hamria, Meknès",550 000
140 m²,3 chambres,2 sdbs,Étage 1,"Mèdina, Meknès",Not Specified
70 m²,2 chambres,2 sdbs,Étage 2,"Sidi Said, Meknès",460 000
63 m²,2 chambres,1 sdb,Étage 4,Meknès,Not Specified
75 m²,2 chambres,2 sdbs,Étage 1,"Autre secteur, Meknès",500 000
75 m²,2 chambres,1 sdb,Étage 3,"Wislane, Meknès",Not Specified
108 m²,3 chambres,2 sdbs,Étage 8,"Hamria, Meknès",1 250 000
160 m²,3 chambres,2 sdbs,Étage 2,"Mèdina, Meknès",Not Specified
63 m²,3 chambres,2 sdbs,Étage 1,"Autre secteur, Meknès",26 000
110 m²,3 chambres,1 sdb,Étage 2,"Autre secteur, Meknès",Not Specified
70 m²,2 chambres,1 sdb,Étage 3,"Ville Nouvelle, Meknès",350
70 m²,3 chambres,1 sdb,Étage 2,"Mèdina, Meknès",280 000
75 m²,3 chambres,2 sdbs,Rez de chaussée,"Mèdina, Meknès",350 000
110 m²,3 chambres,1 sdb,Étage 1,"Mèdina, Meknès",Not Specified
Not Specified,3 chambres,2 sdbs,Étage 4,"Hamria, Meknès",1 050 000
102 m²,3 chambres,2 sdbs,Étage 7,"Ville Nouvelle, Meknès",Not Specified
170 m²,3 chambres,3 sdbs,Étage 1,"Mèdina, Meknès",Not Specified
60 m²,2 chambres,1 sdb,Étage 4,"El Bassatine, Meknès",370 000
100 m²,3 chambres,2 sdbs,Rez de chaussée,"Autre secteur, Meknès",480 000
120 m²,3 chambres,1 sdb,Étage 1,"Hamria, Meknès",200 000
71 m²,2 chambres,2 sdbs,Étage 2,"Riad Toulal, Meknès",350 000
90 m²,2 chambres,2 sdbs,Étage 4,"Autre secteur, Meknès",Not Specified
68 m²,3 chambres,1 sdb,Étage 4,"Autre secteur, Meknès",270 000
11051 m²,3 chambres,2 sdbs,Étage 2,"Autre secteur, Meknès",520 000
90 m²,3 chambres,2 sdbs,Étage 1,"Autre secteur, Meknès",370 000
60 m²,2 chambres,1 sdb,Rez de chaussée,"Meknès, Autre secteur",350 000
106 m²,3 chambres,2 sdbs,Étage 1,"Meknès, Marjane 2",805 000
Not Specified,3 chambres,1 sdb,Étage 1,"Meknès, Autre secteur",390 000
Not Specified,2 chambres,2 sdbs,Étage 4,"Ville Nouvelle, Meknès",Not Specified
450 m²,9 chambres,3 sdbs,Étage 3,"Wislane, Meknès",3 200 000
Not Specified,3 chambres,1 sdb,Étage 2,"Marjane 2, Meknès",510 000
65 m²,2 chambres,1 sdb,Étage 2,"Sidi Bouzekri, Meknès",240 000
56 m²,1 chambre,1 sdb,Étage 2,"Zitoune, Meknès",16 000
98 m²,3 chambres,2 sdbs,Étage 2,"Autre secteur, Meknès",720 000
240 m²,5 chambres,3 sdbs,Étage 4,"Ville Nouvelle, Meknès",1 100 000
86 m²,3 chambres,1 sdb,Étage 3,"Autre secteur, Meknès",950 000
95 m²,2 chambres,2 sdbs,Étage 3,"Hamria, Meknès",420 000
100 m²,3 chambres,2 sdbs,Étage 1,"Autre secteur, Meknès",Not Specified
75 m²,2 chambres,2 sdbs,Étage 1,"Autre secteur, Meknès",200 000
Not Specified,Not Specified,Not Specified,Not Specified,"Marjane 2, Meknès",780 000
Not Specified,Not Specified,Not Specified,Not Specified,Meknès,760 000
Not Specified,Not Specified,Not Specified,Not Specified,"El Bassatine, Meknès",630 000
77 m²,2 chambres,1 sdb,Étage 1,"Autre secteur, Meknès",380 000
157 m²,4 chambres,1 sdb,Étage 2,"Autre secteur, Meknès",540 000
147 m²,3 chambres,2 sdbs,Étage 1,"Autre secteur, Meknès",900 000
63 m²,3 chambres,1 sdb,Étage 4,"Autre secteur, Meknès",320 000
54 m²,2 chambres,1 sdb,Étage 4,"Bourj Moulay Omar, Meknès",300 000
80 m²,3 chambres,1 sdb,Étage 2,"Riad Toulal, Meknès",420 000
75 m²,2 chambres,1 sdb,Rez de chaussée,"Riad Toulal, Meknès",260 000
65 m²,2 chambres,1 sdb,Étage 2,"Riad Toulal, Meknès",240 000
86 m²,2 chambres,2 sdbs,Étage 2,"Autre secteur, Meknès",260 000
62 m²,2 chambres,1 sdb,Rez de chaussée,"Wislane, Meknès",250 000
118 m²,3 chambres,2 sdbs,Étage 1,"Zitoune, Meknès",400 000
55 m²,2 chambres,1 sdb,Rez de chaussée,"Hay Salam, Meknès",190 000
124 m²,2 chambres,2 sdbs,Étage 1,"Hamria, Meknès",699 000
Not Specified,2 chambres,2 sdbs,Étage 3,"Hamria, Meknès",Not Specified
4 m²,3 chambres,1 sdb,Étage 2,"Wislane, Meknès",Not Specified
125 m²,3 chambres,2 sdbs,Étage 3,"Hamria, Meknès",Not Specified
72 m²,3 chambres,1 sdb,Étage 3,"El Bassatine, Meknès",36 000 000
Not Specified,2 chambres,1 sdb,Étage 2,"Wislane, Meknès",Not Specified
62 m²,2 chambres,1 sdb,Rez de chaussée,"Wislane, Meknès",250 000
65 m²,2 chambres,1 sdb,Étage 3,"Autre secteur, Meknès",310 000
75 m²,3 chambres,1 sdb,Étage 1,"Wislane, Meknès",320 000
Not Specified,3 chambres,1 sdb,Étage 1,"Meknès, Autre secteur",390 000
60 m²,2 chambres,1 sdb,Rez de chaussée,"Meknès, Autre secteur",350 000
106 m²,3 chambres,2 sdbs,Étage 1,"Meknès, Marjane 2",805 000
115 m²,3 chambres,3 sdbs,Étage 2,"Autre secteur, Meknès",6 800 000
91 m²,3 chambres,2 sdbs,Rez de chaussée,"Wislane, Meknès",510 000
120 m²,3 chambres,1 sdb,Étage 1,"Autre secteur, Meknès",850 000
67 m²,2 chambres,1 sdb,Rez de chaussée,Meknès,285 000
67 m²,2 chambres,1 sdb,Rez de chaussée,Meknès,285 000
Not Specified,Not Specified,Not Specified,Not Specified,Meknès,40 000 000
110 m²,5 chambres,3 sdbs,Étage 2,"Mèdina, Meknès",56
88 m²,2 chambres,2 sdbs,Étage 2,"Autre secteur, Meknès",260 000
126 m²,3 chambres,2 sdbs,Étage 6,"Hamria, Meknès",1 050 000
Not Specified,2 chambres,2 sdbs,Étage 2,"Zitoune, Meknès",350 000
Not Specified,2 chambres,1 sdb,Étage 4,"Sbata, Meknès",Not Specified
0 m²,2 chambres,1 sdb,Étage 1,"Wislane, Meknès",Not Specified
100 m²,3 chambres,2 sdbs,Étage 4,"Riad Toulal, Meknès",560 000
70 m²,2 chambres,1 sdb,Étage 1,"Autre secteur, Meknès",320 000
130 m²,2 chambres,1 sdb,Étage 3,"Autre secteur, Meknès",450 000
130 m²,2 chambres,1 sdb,Étage 3,"Autre secteur, Meknès",450 000
120 m²,3 chambres,2 sdbs,Étage 4,"Ville Nouvelle, Meknès",Not Specified
50 m²,2 chambres,2 sdbs,Étage 1,"Marjane 2, Meknès",200 000
52 m²,2 chambres,1 sdb,Étage 2,"Wislane, Meknès",240 000
54 m²,2 chambres,1 sdb,Étage 1,"Wislane, Meknès",200 000
111 m²,2 chambres,2 sdbs,Étage 2,"Autre secteur, Meknès",754 000
120 m²,2 chambres,2 sdbs,Étage 3,"Hamria, Meknès",800 000
150 m²,3 chambres,2 sdbs,Étage 1,"Hamria, Meknès",Not Specified
62 m²,2 chambres,1 sdb,Étage 4,"Hamria, Meknès",340 000
67 m²,3 chambres,1 sdb,Étage 2,"Autre secteur, Meknès",330 000
127 m²,4 chambres,1 sdb,Étage 2,"El Bassatine, Meknès",650 000
105 m²,3 chambres,2 sdbs,Étage 2,"Autre secteur, Meknès",Not Specified
175 m²,3 chambres,2 sdbs,Étage 3,"Autre secteur, Meknès",Not Specified
64 m²,2 chambres,1 sdb,Étage 3,"Marjane 2, Meknès",140 000
102 m²,2 chambres,1 sdb,Étage 2,"Hamria, Meknès",695 000
110 m²,3 chambres,2 sdbs,Étage 2,"Autre secteur, Meknès",520 000
12061 m²,3 chambres,3 sdbs,Étage 2,"Autre secteur, Meknès",1
82 m²,2 chambres,2 sdbs,Étage 2,"Autre secteur, Meknès",500 000
95 m²,3 chambres,1 sdb,Étage 1,"El Bassatine, Meknès",480 000
67 m²,2 chambres,1 sdb,Étage 4,"Autre secteur, Meknès",300 000
106 m²,3 chambres,2 sdbs,Étage 1,"Meknès, Marjane 2",805 000
Not Specified,3 chambres,1 sdb,Étage 1,"Meknès, Autre secteur",390 000
60 m²,2 chambres,1 sdb,Rez de chaussée,"Meknès, Autre secteur",350 000
200 m²,3 chambres,3 sdbs,Étage 1,"Autre secteur, Meknès",1
83 m²,3 chambres,1 sdb,Étage 4,"El Bassatine, Meknès",550 000
90 m²,3 chambres,1 sdb,Étage 1,"El Bassatine, Meknès",480 000
72 m²,2 chambres,2 sdbs,Étage 4,"Bourj Moulay Omar, Meknès",270 000
665380000 m²,7 chambres,7 sdbs,Étage 3,"Hamria, Meknès",3 800 000
200 m²,5 chambres,3 sdbs,Étage 3,"Marjane 2, Meknès",880 000
193 m²,4 chambres,3 sdbs,Étage 1,"Autre secteur, Meknès",1 800 000
110 m²,3 chambres,1 sdb,Étage 2,"Sidi Said, Meknès",430 000
70 m²,3 chambres,1 sdb,Étage 3,"Autre secteur, Meknès",280 000
110 m²,3 chambres,2 sdbs,Étage 1,"Autre secteur, Meknès",490 000
145 m²,3 chambres,3 sdbs,Étage 3,"Marjane 2, Meknès",950 000
155 m²,3 chambres,2 sdbs,Étage 4,"Autre secteur, Meknès",1
186 m²,3 chambres,2 sdbs,Étage 6,"Hamria, Meknès",1 100 000
100 m²,3 chambres,1 sdb,Étage 2,"Autre secteur, Meknès",560 000
88 m²,3 chambres,1 sdb,Étage 2,"Autre secteur, Meknès",550 000
Not Specified,3 chambres,1 sdb,Étage 1,"Sidi Bouzekri, Meknès",Not Specified
82 m²,2 chambres,2 sdbs,Étage 2,"Autre secteur, Meknès",500 000
110 m²,3 chambres,1 sdb,Étage 2,"Autre secteur, Meknès",525 000
100 m²,3 chambres,2 sdbs,Étage 1,"Autre secteur, Meknès",670 000
82 m²,2 chambres,2 sdbs,Étage 2,"Autre secteur, Meknès",500 000
54 m²,2 chambres,1 sdb,Étage 4,"Wislane, Meknès",230 000
Not Specified,2 chambres,2 sdbs,Étage 2,"Autre secteur, Meknès",520 000
110 m²,3 chambres,2 sdbs,Étage 1,"Autre secteur, Meknès",480 000
55 m²,2 chambres,1 sdb,Étage 1,"Ancienne Médina, Meknès",120 000
Not Specified,2 chambres,2 sdbs,Étage 2,"Autre secteur, Meknès",530 000
90 m²,2 chambres,2 sdbs,Étage 3,"El Bassatine, Meknès",360 000
Not Specified,3 chambres,2 sdbs,Étage 4,"Marjane 2, Meknès",860 000
92 m²,2 chambres,2 sdbs,Étage 1,"El Bassatine, Meknès",380 000
100 m²,3 chambres,2 sdbs,Étage 2,"Autre secteur, Meknès",1
70 m²,3 chambres,1 sdb,Étage 2,"Autre secteur, Meknès",280 000
110 m²,3 chambres,2 sdbs,Étage 1,"Autre secteur, Meknès",490 000
50 m²,2 chambres,2 sdbs,Étage 3,"Zitoune, Meknès",140 000
69 m²,3 chambres,1 sdb,Étage 4,"Riad Toulal, Meknès",175 000
Not Specified,2 chambres,2 sdbs,Étage 4,"El Bassatine, Meknès",400 000
52 m²,2 chambres,1 sdb,Étage 3,"Autre secteur, Meknès",19
106 m²,3 chambres,2 sdbs,Étage 1,"Meknès, Marjane 2",805 000
Not Specified,3 chambres,1 sdb,Étage 1,"Meknès, Autre secteur",390 000
60 m²,2 chambres,1 sdb,Rez de chaussée,"Meknès, Autre secteur",350 000
98 m²,3 chambres,2 sdbs,Étage 7,"Hamria, Meknès",750 000
70 m²,3 chambres,1 sdb,Étage 4,"Autre secteur, Meknès",260 000
91 m²,2 chambres,2 sdbs,Étage 1,"Hamria, Meknès",693 721 725
Not Specified,3 chambres,1 sdb,Rez de chaussée,"Wislane, Meknès",320 000
62 m²,2 chambres,1 sdb,Rez de chaussée,"Wislane, Meknès",250 000
110 m²,2 chambres,0 sdb,Rez de chaussée,"Marjane 2, Meknès",460 000
125 m²,3 chambres,3 sdbs,Rez de chaussée,"Autre secteur, Meknès",1
Not Specified,3 chambres,1 sdb,Étage 4,"Bourj Moulay Omar, Meknès",450
107 m²,3 chambres,2 sdbs,Étage 2,"Autre secteur, Meknès",1
93 m²,3 chambres,2 sdbs,Étage 5,"Hamria, Meknès",600 000
160 m²,3 chambres,2 sdbs,Étage 2,"Autre secteur, Meknès",1
70 m²,3 chambres,1 sdb,Étage 3,"Autre secteur, Meknès",280 000
60 m²,2 chambres,1 sdb,Étage 1,"El Bassatine, Meknès",Not Specified
110 m²,3 chambres,2 sdbs,Étage 2,"Autre secteur, Meknès",530 000
180 m²,3 chambres,3 sdbs,Étage 1,"Autre secteur, Meknès",1
67 m²,2 chambres,1 sdb,Étage 2,"Hamria, Meknès",280 000
86 m²,2 chambres,1 sdb,Étage 1,"Wislane, Meknès",299 000
73 m²,2 chambres,1 sdb,Not Specified,"Autre secteur, Meknès",500 000
73 m²,2 chambres,1 sdb,Not Specified,"Autre secteur, Meknès",Not Specified
83 m²,3 chambres,1 sdb,Rez de chaussée,"Autre secteur, Meknès",420 000
110 m²,3 chambres,2 sdbs,Étage 2,"Zerhounia, Meknès",430 000
187 m²,4 chambres,3 sdbs,Étage 1,"Hamria, Meknès",10 500 000
77 m²,3 chambres,3 sdbs,Étage 2,"El Bassatine, Meknès",300 000
65 m²,2 chambres,1 sdb,Étage 1,"Zitoune, Meknès",360 000
77 m²,3 chambres,3 sdbs,Étage 2,"El Bassatine, Meknès",300 000
119 m²,3 chambres,2 sdbs,Étage 3,"Autre secteur, Meknès",940 000
145 m²,3 chambres,1 sdb,Étage 5,"Hamria, Meknès",1 200 000
129 m²,3 chambres,2 sdbs,Étage 6,"Hamria, Meknès",950 000
93 m²,2 chambres,1 sdb,Étage 7,"Hamria, Meknès",660 000
116 m²,3 chambres,2 sdbs,Étage 3,"Marjane 2, Meknès",430
144 m²,3 chambres,1 sdb,Étage 3,"Hamria, Meknès",7 500
96 m²,2 chambres,1 sdb,Étage 1,"Ville Nouvelle, Meknès",560 000
98 m²,2 chambres,2 sdbs,Étage 3,"Marjane 2, Meknès",450 000
111 m²,3 chambres,1 sdb,Étage 4,"El Bassatine, Meknès",Not Specified
108 m²,3 chambres,1 sdb,Étage 5,"Hamria, Meknès",760 000
106 m²,3 chambres,2 sdbs,Étage 1,"Meknès, Marjane 2",805 000
60 m²,2 chambres,1 sdb,Rez de chaussée,"Meknès, Autre secteur",350 000
Not Specified,3 chambres,1 sdb,Étage 1,"Meknès, Autre secteur",390 000
107 m²,3 chambres,2 sdbs,Étage 2,"Autre secteur, Meknès",550 000
108 m²,4 chambres,2 sdbs,Étage 5,"Hamria, Meknès",760 000
Not Specified,Not Specified,Not Specified,Not Specified,"El Bassatine, Meknès",Not Specified
54 m²,2 chambres,1 sdb,Étage 4,"Wislane, Meknès",270 000
54 m²,2 chambres,1 sdb,Étage 4,"Wislane, Meknès",270 000
54 m²,2 chambres,1 sdb,Étage 4,"Wislane, Meknès",270 000
68 m²,2 chambres,1 sdb,Étage 3,"El Bassatine, Meknès",310 000
98 m²,3 chambres,2 sdbs,Étage 2,"Autre secteur, Meknès",1
111 m²,Not Specified,Not Specified,Not Specified,"Autre secteur, Meknès",700 000
77 m²,3 chambres,3 sdbs,Étage 2,"El Bassatine, Meknès",300 000
72 m²,2 chambres,1 sdb,Étage 4,"Wislane, Meknès",340 000
120 m²,3 chambres,3 sdbs,Étage 1,"Marjane 2, Meknès",750 000
143 m²,3 chambres,1 sdb,Étage 5,"Hamria, Meknès",1 150 000
75 m²,3 chambres,1 sdb,Étage 4,"Autre secteur, Meknès",360 000
100 m²,3 chambres,2 sdbs,Étage 4,"Marjane 2, Meknès",Not Specified
70 m²,3 chambres,1 sdb,Étage 3,"Autre secteur, Meknès",280 000
132 m²,3 chambres,2 sdbs,Étage 5,"Autre secteur, Meknès",900 000
160 m²,4 chambres,2 sdbs,Étage 3,"Marjane 2, Meknès",1 000 000
54 m²,2 chambres,1 sdb,Étage 1,"Wislane, Meknès",260 000
Not Specified,3 chambres,0 sdb,Étage 4,"Hamria, Meknès",Not Specified
94 m²,2 chambres,2 sdbs,Étage 7,"Autre secteur, Meknès",670 000
100 m²,3 chambres,2 sdbs,Étage 2,"Autre secteur, Meknès",750 000
Not Specified,2 chambres,2 sdbs,Étage 3,"Autre secteur, Meknès",550 000
70 m²,2 chambres,1 sdb,Étage 3,"Marjane 2, Meknès",295 000
95 m²,3 chambres,2 sdbs,Étage 3,"Hamria, Meknès",695 000
70 m²,2 chambres,1 sdb,Étage 1,"Autre secteur, Meknès",36
103 m²,3 chambres,1 sdb,Étage 3,"El Bassatine, Meknès",Not Specified
97 m²,3 chambres,2 sdbs,Étage 3,"Zitoune, Meknès",610 000
75 m²,2 chambres,1 sdb,Étage 1,"Autre secteur, Meknès",440 000
Not Specified,2 chambres,1 sdb,Rez de chaussée,"Hamria, Meknès",440 000
125 m²,4 chambres,2 sdbs,Étage 3,"Marjane 2, Meknès",625 000
55 m²,2 chambres,1 sdb,Étage 4,"Marjane 2, Meknès",Not Specified
70 m²,3 chambres,1 sdb,Étage 3,"Autre secteur, Meknès",290 000
125 m²,3 chambres,2 sdbs,Étage 1,"Hamria, Meknès",1
170 m²,3 chambres,2 sdbs,Étage 3,"Hamria, Meknès",1
60 m²,2 chambres,1 sdb,Rez de chaussée,"Meknès, Autre secteur",350 000
Not Specified,3 chambres,1 sdb,Étage 1,"Meknès, Autre secteur",390 000
106 m²,3 chambres,2 sdbs,Étage 1,"Meknès, Marjane 2",805 000
143 m²,3 chambres,1 sdb,Étage 5,"Hamria, Meknès",1 150 000
110 m²,3 chambres,2 sdbs,Étage 1,"Autre secteur, Meknès",490 000
142 m²,3 chambres,2 sdbs,Étage 4,"Hamria, Meknès",1 050 000
170 m²,3 chambres,2 sdbs,Étage 2,"Autre secteur, Meknès",1
70 m²,3 chambres,1 sdb,Étage 1,"Sidi Bouzekri, Meknès",6 500
703 m²,3 chambres,2 sdbs,Étage 3,"Autre secteur, Meknès",Not Specified
70 m²,2 chambres,1 sdb,Étage 1,"Autre secteur, Meknès",36
70 m²,2 chambres,2 sdbs,Étage 3,"Autre secteur, Meknès",270 000
110 m²,3 chambres,2 sdbs,Étage 1,"Autre secteur, Meknès",Not Specified
150 m²,3 chambres,2 sdbs,Étage 4,"Hamria, Meknès",999 000
150 m²,3 chambres,2 sdbs,Étage 4,"Hamria, Meknès",999 000
68 m²,3 chambres,2 sdbs,Étage 4,"Marjane 2, Meknès",Not Specified
116 m²,3 chambres,2 sdbs,Étage 3,"Autre secteur, Meknès",430 000
190 m²,4 chambres,2 sdbs,Rez de chaussée,"El Bassatine, Meknès",Not Specified
100 m²,3 chambres,2 sdbs,Étage 2,"Autre secteur, Meknès",470 000
86 m²,3 chambres,2 sdbs,Étage 2,"Autre secteur, Meknès",420 000
66 m²,2 chambres,1 sdb,Étage 4,"Autre secteur, Meknès",240 000
95 m²,1 chambre,Not Specified,Rez de chaussée,"Autre secteur, Meknès",1 200
54 m²,2 chambres,1 sdb,Étage 4,"Autre secteur, Meknès",300 000
142 m²,2 chambres,2 sdbs,Étage 6,"Hamria, Meknès",1 400 000
85 m²,3 chambres,2 sdbs,Étage 2,"El Bassatine, Meknès",38
77 m²,2 chambres,1 sdb,Étage 2,"Hamria, Meknès",Not Specified
50 m²,2 chambres,1 sdb,Étage 2,"Ancienne Médina, Meknès",130 000
85 m²,2 chambres,1 sdb,Étage 3,"Marjane 2, Meknès",440 000
61 m²,3 chambres,2 sdbs,Étage 2,"Riad Toulal, Meknès",350 000
Not Specified,2 chambres,1 sdb,Étage 4,"Autre secteur, Meknès",280 000
70 m²,2 chambres,1 sdb,Étage 1,"Wislane, Meknès",300 000
70 m²,3 chambres,1 sdb,Étage 1,"Autre secteur, Meknès",290 000
Not Specified,2 chambres,1 sdb,Étage 3,"Marjane 2, Meknès",280 000
56 m²,2 chambres,1 sdb,Étage 3,"Marjane 2, Meknès",280 000
100 m²,2 chambres,1 sdb,Étage 3,"Wislane, Meknès",34
85 m²,3 chambres,2 sdbs,Étage 3,"Sidi Bouzekri, Meknès",360 000
120 m²,3 chambres,2 sdbs,Étage 3,"Marjane 2, Meknès",600 000
120 m²,3 chambres,2 sdbs,Étage 4,"Autre secteur, Meknès",660 000
142 m²,3 chambres,2 sdbs,Étage 3,"Autre secteur, Meknès",780 000
Not Specified,3 chambres,1 sdb,Étage 1,"Meknès, Autre secteur",390 000
60 m²,2 chambres,1 sdb,Rez de chaussée,"Meknès, Autre secteur",350 000
106 m²,3 chambres,2 sdbs,Étage 1,"Meknès, Marjane 2",805 000
88 m²,3 chambres,2 sdbs,Étage 1,"Autre secteur, Meknès",420 000
Not Specified,2 chambres,1 sdb,Étage 5,"Hamria, Meknès",400
64 m²,2 chambres,1 sdb,Étage 2,"Riad Toulal, Meknès",260 000
110 m²,3 chambres,2 sdbs,Étage 1,"Autre secteur, Meknès",490 000
110 m²,2 chambres,2 sdbs,Étage 6,"Hamria, Meknès",640 000
Not Specified,3 chambres,1 sdb,Étage 3,"Riad Toulal, Meknès",250 000
167 m²,3 chambres,3 sdbs,Étage 3,"Hamria, Meknès",1 450 000
100 m²,3 chambres,2 sdbs,Rez de chaussée,"Autre secteur, Meknès",480 000
170 m²,3 chambres,2 sdbs,Étage 1,"Autre secteur, Meknès",Not Specified
75 m²,3 chambres,2 sdbs,Étage 2,"Autre secteur, Meknès",320 000
70 m²,3 chambres,1 sdb,Étage 4,"Autre secteur, Meknès",290 000
112 m²,3 chambres,2 sdbs,Étage 4,"Zitoune, Meknès",480 000
73 m²,2 chambres,1 sdb,Étage 3,"El Bassatine, Meknès",450 000
Not Specified,2 chambres,1 sdb,Étage 4,"El Bassatine, Meknès",330 000
60 m²,2 chambres,1 sdb,Étage 1,"Autre secteur, Meknès",230 000
Not Specified,5 chambres,2 sdbs,Étage 1,"Marjane 2, Meknès",Not Specified
68 m²,3 chambres,2 sdbs,Étage 1,"Autre secteur, Meknès",Not Specified
130 m²,3 chambres,2 sdbs,Étage 1,"Ville Nouvelle, Meknès",Not Specified
105 m²,2 chambres,1 sdb,Étage 3,"Autre secteur, Meknès",840 000
Not Specified,3 chambres,2 sdbs,Étage 1,"Hamria, Meknès",960 000
65 m²,3 chambres,1 sdb,Étage 2,"Hay Salam, Meknès",Not Specified
150 m²,3 chambres,2 sdbs,Étage 1,"Autre secteur, Meknès",Not Specified
100 m²,3 chambres,2 sdbs,Étage 2,"Autre secteur, Meknès",470 000
100 m²,3 chambres,2 sdbs,Étage 1,"Bele Vue, Meknès",540 000
54 m²,2 chambres,1 sdb,Étage 1,"Autre secteur, Meknès",155 000
54 m²,2 chambres,1 sdb,Étage 1,"Autre secteur, Meknès",155 000
Not Specified,2 chambres,1 sdb,Rez de chaussée,"Marjane 2, Meknès",Not Specified
74 m²,3 chambres,1 sdb,Étage 2,"Autre secteur, Meknès",340 000
73 m²,2 chambres,2 sdbs,Étage 6,"Hamria, Meknès",460 000
118 m²,3 chambres,2 sdbs,Étage 1,"Hamria, Meknès",790 000
118 m²,3 chambres,2 sdbs,Étage 4,"Hamria, Meknès",Not Specified
89 m²,2 chambres,0 sdb,Étage 3,"Hamria, Meknès",600 000
70 m²,3 chambres,2 sdbs,Étage 2,"Riad Toulal, Meknès",350 000
67 m²,2 chambres,1 sdb,Étage 2,"Zitoune, Meknès",460 000
110 m²,3 chambres,2 sdbs,Étage 1,"Autre secteur, Meknès",490 000
60 m²,2 chambres,1 sdb,Rez de chaussée,"Meknès, Autre secteur",350 000
Not Specified,3 chambres,1 sdb,Étage 1,"Meknès, Autre secteur",390 000
106 m²,3 chambres,2 sdbs,Étage 1,"Meknès, Marjane 2",805 000
86 m²,3 chambres,2 sdbs,Étage 1,"El Bassatine, Meknès",560 000
115 m²,3 chambres,1 sdb,Étage 1,"Zitoune, Meknès",350 000
58 m²,2 chambres,2 sdbs,Étage 2,"Autre secteur, Meknès",290 000
88 m²,3 chambres,1 sdb,Étage 1,"Autre secteur, Meknès",420 000
105 m²,3 chambres,2 sdbs,Étage 2,"Autre secteur, Meknès",550 000
70 m²,3 chambres,1 sdb,Étage 1,"Autre secteur, Meknès",270 000
86 m²,3 chambres,1 sdb,Étage 1,"El Bassatine, Meknès",Not Specified
61 m²,3 chambres,1 sdb,Étage 2,"Riad Toulal, Meknès",350 000
54 m²,2 chambres,1 sdb,Rez de chaussée,"Bourj Moulay Omar, Meknès",280 000
135 m²,3 chambres,2 sdbs,Étage 1,"Autre secteur, Meknès",Not Specified
100 m²,3 chambres,2 sdbs,Étage 1,"Autre secteur, Meknès",470 000
112 m²,3 chambres,2 sdbs,Étage 4,"Hamria, Meknès",800 000
105 m²,3 chambres,2 sdbs,Étage 6,"Autre secteur, Meknès",650 000
73 m²,3 chambres,1 sdb,Étage 1,"Autre secteur, Meknès",280 000
173 m²,3 chambres,1 sdb,Étage 7,"Bele Vue, Meknès",780 000
170 m²,3 chambres,2 sdbs,Étage 3,"Autre secteur, Meknès",1
150 m²,3 chambres,2 sdbs,Étage 3,"Autre secteur, Meknès",Not Specified
129 m²,3 chambres,2 sdbs,Étage 6,"Hamria, Meknès",950 000
130 m²,1 chambre,1 sdb,Étage 7,"Hamria, Meknès",Not Specified
100 m²,3 chambres,2 sdbs,Étage 4,"Marjane 2, Meknès",690 000
110 m²,3 chambres,2 sdbs,Étage 1,"Autre secteur, Meknès",Not Specified
57 m²,2 chambres,1 sdb,Étage 1,"Autre secteur, Meknès",Not Specified
Not Specified,3 chambres,2 sdbs,Étage 4,"Autre secteur, Meknès",950 000
134 m²,3 chambres,2 sdbs,Étage 2,"El Bassatine, Meknès",600 000
117 m²,3 chambres,2 sdbs,Étage 3,"Hamria, Meknès",750 000
163 m²,3 chambres,3 sdbs,Étage 2,"Hamria, Meknès",1 390 000
90 m²,3 chambres,2 sdbs,Étage 1,"El Bassatine, Meknès",480 000
84 m²,2 chambres,2 sdbs,Étage 3,"Autre secteur, Meknès",320 000
105 m²,3 chambres,2 sdbs,Étage 3,"El Bassatine, Meknès",480 000
107 m²,2 chambres,2 sdbs,Étage 6,"Ville Nouvelle, Meknès",720 000
80 m²,2 chambres,2 sdbs,Étage 3,"Autre secteur, Meknès",370 000
130 m²,3 chambres,2 sdbs,Étage 2,"Autre secteur, Meknès",Not Specified
155 m²,3 chambres,2 sdbs,Étage 1,"Autre secteur, Meknès",Not Specified
110 m²,2 chambres,1 sdb,Étage 2,"Ville Nouvelle, Meknès",580 000
65 m²,3 chambres,2 sdbs,Étage 1,"Bourj Moulay Omar, Meknès",460 000
60 m²,2 chambres,1 sdb,Rez de chaussée,"Meknès, Autre secteur",350 000
Not Specified,3 chambres,1 sdb,Étage 1,"Meknès, Autre secteur",390 000
106 m²,3 chambres,2 sdbs,Étage 1,"Meknès, Marjane 2",805 000
Not Specified,2 chambres,2 sdbs,Étage 2,"Autre secteur, Meknès",Not Specified
111 m²,2 chambres,2 sdbs,Rez de chaussée,"Hamria, Meknès",580 000
70 m²,3 chambres,1 sdb,Étage 5,"Hamria, Meknès",400 000
Not Specified,2 chambres,0 sdb,Étage 1,"Autre secteur, Meknès",200 000
66 m²,2 chambres,2 sdbs,Étage 1,"Autre secteur, Meknès",240 000
52 m²,2 chambres,1 sdb,Étage 3,"Autre secteur, Meknès",230 000
104 m²,3 chambres,2 sdbs,Étage 1,"Autre secteur, Meknès",Not Specified
135 m²,3 chambres,2 sdbs,Étage 3,"Hamria, Meknès",1 100 000
70 m²,2 chambres,1 sdb,Étage 1,"Marjane 2, Meknès",300 000
180 m²,3 chambres,3 sdbs,Étage 6,"Hamria, Meknès",150 000
94 m²,3 chambres,1 sdb,Étage 1,"El Bassatine, Meknès",Not Specified
Not Specified,3 chambres,1 sdb,Étage 2,"Riad Toulal, Meknès",Not Specified
150 m²,3 chambres,2 sdbs,Étage 3,"Autre secteur, Meknès",Not Specified
140 m²,3 chambres,2 sdbs,Étage 2,"Autre secteur, Meknès",Not Specified
80 m²,2 chambres,1 sdb,Étage 4,"El Bassatine, Meknès",440 000
190 m²,2 chambres,2 sdbs,Rez de chaussée,"El Bassatine, Meknès",529 500
56 m²,2 chambres,1 sdb,Étage 2,"Sidi Bouzekri, Meknès",185 000
72 m²,3 chambres,1 sdb,Étage 1,"Autre secteur, Meknès",280 000
95 m²,3 chambres,2 sdbs,Étage 2,"Autre secteur, Meknès",550 000
64 m²,2 chambres,1 sdb,Étage 2,"Hay Salam, Meknès",Not Specified
Not Specified,Not Specified,Not Specified,Not Specified,"El Bassatine, Meknès",620 000
Not Specified,1 chambre,Not Specified,Rez de chaussée,"Marjane 2, Meknès",Not Specified
70 m²,3 chambres,1 sdb,Étage 2,"Autre secteur, Meknès",270 000
90 m²,3 chambres,1 sdb,Étage 2,"Autre secteur, Meknès",580 000
70 m²,3 chambres,1 sdb,Étage 2,"Autre secteur, Meknès",280 000
190 m²,4 chambres,2 sdbs,Rez de chaussée,"El Bassatine, Meknès",Not Specified
Not Specified,3 chambres,2 sdbs,Étage 1,"Autre secteur, Meknès",540 000
3 m²,1 chambre,0 sdb,Rez de chaussée,"Wislane, Meknès",Not Specified
79 m²,2 chambres,1 sdb,Étage 4,"Zitoune, Meknès",280 000
70 m²,2 chambres,1 sdb,Étage 4,"Hamria, Meknès",520 000
120 m²,3 chambres,2 sdbs,Étage 2,"Autre secteur, Meknès",400 000
100 m²,3 chambres,1 sdb,Étage 1,"Autre secteur, Meknès",620 000
130 m²,3 chambres,1 sdb,Étage 1,"Autre secteur, Meknès",1 000 000
71 m²,3 chambres,2 sdbs,Étage 6,"El Bassatine, Meknès",450 000
211 m²,5 chambres,2 sdbs,Étage 1,"Hamria, Meknès",Not Specified
60 m²,2 chambres,1 sdb,Rez de chaussée,"Meknès, Autre secteur",350 000
106 m²,3 chambres,2 sdbs,Étage 1,"Meknès, Marjane 2",805 000
Not Specified,3 chambres,1 sdb,Étage 1,"Meknès, Autre secteur",390 000
98 m²,2 chambres,1 sdb,Étage 4,"Zerhounia, Meknès",350 000
70 m²,3 chambres,1 sdb,Étage 3,"Autre secteur, Meknès",270 000
Not Specified,3 chambres,2 sdbs,Étage 1,"Hamria, Meknès",1 000 000
88 m²,3 chambres,2 sdbs,Étage 1,"Autre secteur, Meknès",420 000
105 m²,3 chambres,2 sdbs,Étage 1,"Autre secteur, Meknès",550 000
74 m²,3 chambres,1 sdb,Étage 3,"Autre secteur, Meknès",280 000
120 m²,3 chambres,2 sdbs,Étage 2,"Autre secteur, Meknès",Not Specified
Not Specified,2 chambres,2 sdbs,Étage 4,"Autre secteur, Meknès",270 000
76 m²,2 chambres,2 sdbs,Étage 2,"Autre secteur, Meknès",490 000
74 m²,2 chambres,2 sdbs,Étage 3,"Riad Toulal, Meknès",400 000
136 m²,3 chambres,3 sdbs,Étage 3,"Hamria, Meknès",Not Specified
70 m²,2 chambres,1 sdb,Étage 3,"Sidi Bouzekri, Meknès",230 000
140 m²,3 chambres,2 sdbs,Étage 2,"Autre secteur, Meknès",Not Specified
74 m²,3 chambres,2 sdbs,Étage 2,"Autre secteur, Meknès",295 000
100 m²,3 chambres,2 sdbs,Rez de chaussée,"Autre secteur, Meknès",540 000
98 m²,3 chambres,2 sdbs,Étage 6,"Marjane 2, Meknès",600 000
3 m²,1 chambre,0 sdb,Rez de chaussée,"Hamria, Meknès",Not Specified
90 m²,2 chambres,1 sdb,Étage 1,"Hamria, Meknès",Not Specified
Not Specified,2 chambres,1 sdb,Étage 1,"Autre secteur, Meknès",440 000
84 m²,3 chambres,2 sdbs,Étage 1,"Autre secteur, Meknès",420 000
126 m²,3 chambres,2 sdbs,Étage 1,"Autre secteur, Meknès",Not Specified
70 m²,3 chambres,1 sdb,Étage 2,"Autre secteur, Meknès",270 000
78 m²,2 chambres,2 sdbs,Rez de chaussée,"Marjane 2, Meknès",Not Specified
115 m²,2 chambres,1 sdb,Étage 8,"Bourj Moulay Omar, Meknès",650 000
Not Specified,Not Specified,Not Specified,Not Specified,"Autre secteur, Meknès",2 000
86 m²,3 chambres,2 sdbs,Étage 1,"Autre secteur, Meknès",420 000
126 m²,3 chambres,2 sdbs,Étage 4,"Hamria, Meknès",1 000 000
70 m²,3 chambres,1 sdb,Étage 4,"Autre secteur, Meknès",290 000
60 m²,3 chambres,1 sdb,Rez de chaussée,"Marjane 2, Meknès",270 000
120 m²,3 chambres,2 sdbs,Étage 4,"Hamria, Meknès",750 000
85 m²,3 chambres,2 sdbs,Étage 1,"Autre secteur, Meknès",410 000
119 m²,3 chambres,2 sdbs,Étage 1,"Autre secteur, Meknès",Not Specified
60 m²,3 chambres,1 sdb,Étage 2,"Marjane 2, Meknès",Not Specified
60 m²,3 chambres,2 sdbs,Rez de chaussée,"Autre secteur, Meknès",400 000
203 m²,3 chambres,2 sdbs,Étage 3,"Autre secteur, Meknès",1 425 000
60 m²,2 chambres,1 sdb,Rez de chaussée,"Meknès, Autre secteur",350 000
106 m²,3 chambres,2 sdbs,Étage 1,"Meknès, Marjane 2",805 000
Not Specified,3 chambres,1 sdb,Étage 1,"Meknès, Autre secteur",390 000
88 m²,2 chambres,2 sdbs,Étage 3,"Autre secteur, Meknès",520 000
140 m²,3 chambres,2 sdbs,Étage 2,"Autre secteur, Meknès",Not Specified
126 m²,3 chambres,2 sdbs,Étage 2,"Autre secteur, Meknès",1
100 m²,3 chambres,2 sdbs,Étage 2,"Hamria, Meknès",450 000
110 m²,3 chambres,2 sdbs,Étage 5,"Hamria, Meknès",890 000
130 m²,3 chambres,3 sdbs,Rez de chaussée,"Autre secteur, Meknès",480 000
70 m²,3 chambres,2 sdbs,Étage 1,"Autre secteur, Meknès",260 000
75 m²,3 chambres,1 sdb,Étage 1,"El Bassatine, Meknès",Not Specified
129 m²,3 chambres,2 sdbs,Étage 3,"Hamria, Meknès",650 000
116 m²,3 chambres,2 sdbs,Rez de chaussée,"Hamria, Meknès",700 000
84 m²,4 chambres,1 sdb,Étage 4,"El Bassatine, Meknès",410 000
Not Specified,2 chambres,1 sdb,Étage 1,"Bele Vue, Meknès",Not Specified
94 m²,3 chambres,2 sdbs,Étage 2,"Autre secteur, Meknès",480 000
110 m²,3 chambres,2 sdbs,Étage 1,"Autre secteur, Meknès",520 000
185 m²,3 chambres,2 sdbs,Étage 3,"Hamria, Meknès",1 500 000
100 m²,3 chambres,2 sdbs,Étage 1,"Marjane 2, Meknès",590 000
171 m²,3 chambres,1 sdb,Étage 1,"Hamria, Meknès",950 000
128 m²,3 chambres,2 sdbs,Étage 1,"Autre secteur, Meknès",Not Specified
102 m²,3 chambres,2 sdbs,Étage 2,"Autre secteur, Meknès",680 000
Not Specified,3 chambres,3 sdbs,Étage 1,"Marjane 2, Meknès",1 100 000
75 m²,2 chambres,2 sdbs,Rez de chaussée,"Ancienne Médina, Meknès",380 000
Not Specified,2 chambres,1 sdb,Étage 3,"Marjane 2, Meknès",270 000
110 m²,3 chambres,2 sdbs,Étage 1,"Hay Salam, Meknès",780 000
84 m²,3 chambres,2 sdbs,Not Specified,"Riad Toulal, Meknès",510 000
108 m²,3 chambres,2 sdbs,Étage 2,"Riad Toulal, Meknès",530 000
100 m²,3 chambres,2 sdbs,Étage 1,"Autre secteur, Meknès",540 000
150 m²,3 chambres,3 sdbs,Étage 9,"Ville Nouvelle, Meknès",1 200 000
130 m²,3 chambres,2 sdbs,Étage 2,"Autre secteur, Meknès",Not Specified
11059 m²,3 chambres,2 sdbs,Étage 2,"Autre secteur, Meknès",590 000
116 m²,3 chambres,1 sdb,Étage 2,"Autre secteur, Meknès",550 000
Not Specified,3 chambres,2 sdbs,Étage 1,"Autre secteur, Meknès",550 000
200 m²,4 chambres,3 sdbs,Rez de chaussée,"Autre secteur, Meknès",620 000
72 m²,3 chambres,1 sdb,Rez de chaussée,"Autre secteur, Meknès",320 000
128 m²,3 chambres,2 sdbs,Étage 2,"Hamria, Meknès",680 000
116 m²,3 chambres,2 sdbs,Étage 2,"Wislane, Meknès",280 000
